"郑州商品交易所期货持仓排名表(2019-11-18)","","","","","","","","",""
"品种：苹果AP     日期：2019-11-18","","","","","","","","",""
"名次","会员简称","成交量（手）","增减量","会员简称","持买仓量","增减量","会员简称","持卖仓量","增减量"
"1","东证期货","48,542","6,694","华泰期货","6,101","-455","中信期货","9,351","979"
"2","海通期货","23,392","9,498","中信期货","5,055","-652","华泰期货","7,439","40"
"3","中信期货","19,935","4,384","徽商期货","4,830","-66","徽商期货","4,718","237"
"4","华泰期货","17,759","1,625","浙商期货","3,916","-258","永安期货","3,899","-31"
"5","徽商期货","16,101","2,842","东证期货","3,358","-129","国投安信期货","3,192","-95"
"6","东吴期货","15,427","5,203","国投安信期货","3,161","172","海通期货","3,097","855"
"7","光大期货","13,315","2,466","永安期货","2,901","1,282","中粮期货","2,735","38"
"8","华安期货","12,499","3,269","先锋期货","2,794","19","东证期货","2,683","371"
"9","国泰君安","9,269","989","中粮期货","2,372","-36","东吴期货","2,659","441"
"10","新湖期货","8,710","487","鲁证期货","2,312","-418","安粮期货","2,527","238"
"11","鲁证期货","8,070","3,280","国泰君安","2,138","-247","国泰君安","2,485","262"
"12","方正中期","7,900","3,185","华安期货","2,094","323","鲁证期货","2,416","-208"
"13","永安期货","7,769","3,346","安粮期货","2,075","147","一德期货","2,346","-113"
"14","中信建投","7,173","3,044","光大期货","1,963","787","银河期货","2,052","-88"
"15","申银万国","6,272","1,808","广发期货","1,928","103","华安期货","1,974","94"
"16","浙商期货","6,128","2,346","国富期货","1,921","-71","国海良时","1,937","305"
"17","东方财富","5,802","2,341","方正中期","1,810","208","宏源期货","1,726","162"
"18","国投安信期货","5,747","2,215","长江期货","1,759","63","金元期货","1,716","57"
"19","先锋期货","5,697","2,514","申银万国","1,731","330","方正中期","1,709","68"
"20","宏源期货","5,678","-1,041","一德期货","1,659","350","先锋期货","1,668","368"
"合计","","251,185","60,495","","55,878","1,452","","62,329","3,980"
"品种：棉花CF     日期：2019-11-18","","","","","","","","",""
"名次","会员简称","成交量（手）","增减量","会员简称","持买仓量","增减量","会员简称","持卖仓量","增减量"
"1","华泰期货","89,113","-5,788","永安期货","34,451","-89","东证期货","56,088","795"
"2","海通期货","83,644","-3,181","鲁证期货","34,121","-67","国投安信期货","45,194","-1,897"
"3","东证期货","48,523","-1,025","东证期货","33,455","-470","中粮期货","32,661","1,494"
"4","新湖期货","41,410","14,707","一德期货","32,429","-2,506","长江期货","30,163","292"
"5","国投安信期货","32,394","7,978","中信期货","28,043","117","中信期货","29,909","2,103"
"6","华金期货","31,686","3,378","光大期货","24,190","2,063","金瑞期货","26,784","112"
"7","中信期货","22,056","2,330","中粮期货","24,099","3,129","永安期货","25,823","968"
"8","光大期货","17,654","2,289","国投安信期货","21,448","1,287","国贸期货","25,182","-59"
"9","中辉期货","17,638","157","海通期货","20,125","916","华信期货","23,097","-549"
"10","华安期货","16,425","-362","国泰君安","16,976","-446","中国国际","21,856","452"
"11","永安期货","16,091","4,071","华泰期货","16,489","-240","宏源期货","19,471","274"
"12","先锋期货","16,018","12,221","中电投先融","15,656","237","银河期货","19,196","662"
"13","冠通期货","13,011","4,427","银河期货","14,998","1,240","华泰期货","17,334","-933"
"14","华西期货","12,931","2,159","长江期货","13,491","268","兴证期货","17,067","354"
"15","徽商期货","12,765","-758","兴证期货","13,030","250","光大期货","13,289","2,201"
"16","东吴期货","12,603","-459","金瑞期货","12,701","504","国泰君安","13,197","712"
"17","弘业期货","11,531","3,580","中国国际","11,166","207","信达期货","12,891","-10"
"18","国泰君安","11,392","757","首创期货","9,537","-22","兴业期货","12,303","197"
"19","广发期货","11,054","4,115","方正中期","9,532","96","大有期货","11,663","185"
"20","华闻期货","10,869","2,511","宏源期货","7,324","1,249","海通期货","10,570","-570"
"合计","","528,808","53,107","","393,261","7,723","","463,738","6,783"
"品种：红枣CJ     日期：2019-11-18","","","","","","","","",""
"名次","会员简称","成交量（手）","增减量","会员简称","持买仓量","增减量","会员简称","持卖仓量","增减量"
"1","海通期货","15,323","-1,008","国泰君安","4,907","278","永安期货","3,451","-129"
"2","中信期货","11,031","1,359","中信期货","3,251","-90","中信期货","2,736","141"
"3","华泰期货","6,152","1,426","永安期货","2,837","100","国泰君安","2,283","-134"
"4","东证期货","5,854","208","华泰期货","2,807","-143","华泰期货","2,188","-115"
"5","光大期货","5,382","302","南华期货","2,713","356","东证期货","1,950","-169"
"6","广发期货","4,943","-1,194","鲁证期货","2,282","-128","徽商期货","1,797","-166"
"7","徽商期货","4,896","226","五矿经易期货","2,120","204","光大期货","1,644","-275"
"8","华安期货","4,485","519","中财期货","2,088","-103","广发期货","1,504","-131"
"9","新湖期货","3,597","880","一德期货","1,977","221","海通期货","1,450","183"
"10","银河期货","3,359","346","徽商期货","1,769","74","宏源期货","1,443","-41"
"11","永安期货","3,169","-455","浙江新世纪","1,586","23","华安期货","1,435","-238"
"12","国泰君安","2,880","63","光大期货","1,539","-117","一德期货","1,352","293"
"13","方正中期","2,750","-261","宝城期货","1,437","-24","浙商期货","1,220","-218"
"14","中信建投","2,596","560","海通期货","1,386","-82","中国国际","1,180","-82"
"15","东方财富","2,579","310","华金期货","1,356","-57","银河期货","1,173","-60"
"16","东吴期货","2,360","332","兴证期货","1,272","125","申银万国","1,149","73"
"17","东海期货","2,131","97","宏源期货","1,212","-110","方正中期","1,076","-91"
"18","中辉期货","2,034","873","广发期货","1,087","46","中粮期货","1,045","-48"
"19","兴证期货","1,934","720","方正中期","1,073","-315","国海良时","1,024","-17"
"20","安粮期货","1,825","164","招金期货","1,040","47","国投安信期货","1,015","-63"
"合计","","89,280","5,467","","39,739","305","","32,115","-1,287"
"品种：棉纱CY     日期：2019-11-18","","","","","","","","",""
"名次","会员简称","成交量（手）","增减量","会员简称","持买仓量","增减量","会员简称","持卖仓量","增减量"
"1","海通期货","3,896","1,086","中粮期货","1,351","103","中粮期货","1,355","102"
"2","上海中期","2,811","592","南华期货","1,037","13","南华期货","1,012","0"
"3","宏源期货","2,689","503","长江期货","768","104","国投安信期货","842","-40"
"4","中粮期货","2,663","528","东证期货","729","-45","东证期货","764","-221"
"5","长江期货","2,501","403","宏源期货","550","141","长江期货","738","107"
"6","中信期货","979","228","国投安信期货","522","-37","宏源期货","625","206"
"7","浙商期货","800","45","上海中期","484","48","海通期货","544","11"
"8","弘业期货","685","47","永安期货","477","0","上海中期","471","47"
"9","瑞达期货","645","73","弘业期货","443","-62","弘业期货","433","-61"
"10","东证期货","634","-142","海通期货","433","3","永安期货","417","0"
"11","五矿经易期货","440","46","浙商期货","422","14","五矿经易期货","405","-5"
"12","国投安信期货","425","48","瑞达期货","406","0","大地期货","356","-33"
"13","方正中期","277","164","五矿经易期货","405","-5","浙商期货","335","-8"
"14","新湖期货","234","-63","大地期货","349","-33","中信期货","325","1"
"15","大地期货","220","60","中信期货","347","0","瑞达期货","302","-9"
"16","南华期货","209","65","国泰君安","111","17","国贸期货","191","20"
"17","申银万国","202","159","兴证期货","82","0","中国国际","133","-3"
"18","华西期货","200","50","广发期货","77","-7","方正中期","77","52"
"19","安粮期货","196","-5","申银万国","63","-75","徽商期货","73","-5"
"20","永安期货","136","-4","银河期货","59","18","新湖期货","63","-16"
"合计","","20,842","3,883","","9,115","197","","9,461","145"
"品种：玻璃FG     日期：2019-11-18","","","","","","","","",""
"名次","会员简称","成交量（手）","增减量","会员简称","持买仓量","增减量","会员简称","持卖仓量","增减量"
"1","东证期货","36,919","5,202","永安期货","50,365","970","永安期货","20,782","1,203"
"2","永安期货","20,721","7,355","华泰期货","20,007","-2,323","银河期货","18,288","875"
"3","光大期货","20,257","2,163","中信期货","13,639","-148","方正中期","16,772","65"
"4","华泰期货","20,056","12,226","方正中期","13,290","-572","天风期货","13,569","27"
"5","方正中期","14,727","482","长江期货","10,510","545","华泰期货","12,683","-1,327"
"6","弘业期货","13,985","10,619","国泰君安","10,220","2,262","东证期货","9,414","1,271"
"7","新湖期货","13,438","1,877","申银万国","10,100","411","中信期货","8,695","131"
"8","建信期货","10,594","6,992","倍特期货","9,068","-274","广发期货","8,418","21"
"9","国泰君安","9,956","5,654","中粮期货","8,454","892","宏源期货","7,248","544"
"10","申银万国","9,915","-613","海通期货","8,093","-423","国泰君安","6,956","-754"
"11","徽商期货","9,260","1,460","摩根大通","7,456","-35","建信期货","6,901","3,165"
"12","中信期货","9,111","780","兴证期货","7,309","776","徽商期货","6,883","-788"
"13","华安期货","9,095","2,959","国投安信期货","7,150","709","光大期货","6,839","-54"
"14","东吴期货","8,204","-2,751","银河期货","6,443","-367","东方财富","5,941","-427"
"15","兴证期货","7,843","2,894","宏源期货","6,090","-748","中粮期货","5,579","371"
"16","冠通期货","6,537","4,026","南华期货","5,410","-643","华安期货","5,309","-244"
"17","海通期货","6,338","123","光大期货","5,117","25","申银万国","5,187","424"
"18","东方财富","6,137","1,332","广州期货","4,923","2,392","弘业期货","4,892","363"
"19","中信建投","5,963","2,028","新湖期货","4,437","-970","东吴期货","4,732","-567"
"20","倍特期货","5,757","5,454","中金期货","4,398","-119","新湖期货","4,679","-850"
"合计","","244,813","70,262","","212,479","2,360","","179,767","3,449"
"品种：粳稻JR     日期：2019-11-18","","","","","","","","",""
"名次","会员简称","成交量（手）","增减量","会员简称","持买仓量","增减量","会员简称","持卖仓量","增减量"
"1","东航期货","0","0","汇鑫期货","2","0","东航期货","2","0"
"2","汇鑫期货","0","0","东航期货","0","0","汇鑫期货","0","0"
"合计","","0","0","","2","0","","2","0"
"品种：晚籼LR     日期：2019-11-18","","","","","","","","",""
"名次","会员简称","成交量（手）","增减量","会员简称","持买仓量","增减量","会员简称","持卖仓量","增减量"
"1","新纪元期货","0","0","中信期货","3","0","中州期货","4","0"
"2","中信期货","0","0","新纪元期货","1","0","中辉期货","2","0"
"3","东航期货","0","0","东航期货","1","0","天风期货","1","0"
"4","天风期货","0","0","中辉期货","1","0","新纪元期货","0","0"
"5","中州期货","0","0","南华期货","1","0","中信期货","0","0"
"6","中辉期货","0","0","天风期货","0","0","东航期货","0","0"
"7","南华期货","0","0","中州期货","0","0","南华期货","0","0"
"合计","","0","0","","7","0","","7","0"
"品种：甲醇MA     日期：2019-11-18","","","","","","","","",""
"名次","会员简称","成交量（手）","增减量","会员简称","持买仓量","增减量","会员简称","持卖仓量","增减量"
"1","东证期货","239,796","-42,011","东证期货","81,923","-16,069","永安期货","165,744","-2,853"
"2","华泰期货","101,583","-23,552","永安期货","40,191","-1,195","东证期货","75,893","-11,151"
"3","国泰君安","66,097","-32,591","华泰期货","38,776","7,799","华泰期货","63,568","1,946"
"4","光大期货","57,897","-21,773","中信期货","31,234","-6,465","中信期货","56,238","-6,665"
"5","海通期货","57,819","-26,501","国泰君安","31,193","380","一德期货","41,363","9,981"
"6","中信期货","56,686","-23,392","华安期货","31,042","2,036","国泰君安","37,682","381"
"7","新湖期货","56,061","-40,629","光大期货","29,225","-12,191","海通期货","37,465","-4,860"
"8","永安期货","49,678","-2,061","徽商期货","28,354","-62","国投安信期货","37,437","-2,335"
"9","东方财富","48,534","-37,329","国投安信期货","24,853","-525","银河期货","28,988","1,214"
"10","徽商期货","47,102","-31,753","银河期货","24,301","-936","中粮期货","22,008","553"
"11","东吴期货","47,066","-10,465","东方财富","23,726","399","浙商期货","20,352","-402"
"12","中辉期货","42,664","-12,123","广发期货","23,400","-115","兴证期货","19,929","912"
"13","华安期货","36,754","-18,059","海通期货","22,777","-6,097","新湖期货","19,783","-11,572"
"14","国贸期货","33,215","-5,142","方正中期","22,343","-17","光大期货","19,267","-13,164"
"15","申银万国","30,572","-12,811","申银万国","22,177","497","方正中期","19,115","2,563"
"16","方正中期","30,104","-17,556","新湖期货","21,627","-12,097","东吴期货","18,291","-1,904"
"17","上海大陆","29,915","-3,457","鲁证期货","19,884","141","东海期货","15,484","-5,258"
"18","一德期货","26,859","-31,184","中信建投","19,459","340","混沌天成期货","14,910","124"
"19","安粮期货","26,305","-2,604","一德期货","17,421","-3,104","中财期货","14,684","1,824"
"20","银河期货","24,806","-13,150","中财期货","17,240","-607","申银万国","14,350","-2,889"
"合计","","1,109,513","-408,143","","571,146","-47,888","","742,551","-43,555"
"品种：菜油OI     日期：2019-11-18","","","","","","","","",""
"名次","会员简称","成交量（手）","增减量","会员简称","持买仓量","增减量","会员简称","持卖仓量","增减量"
"1","东证期货","42,887","-5,407","华泰期货","8,119","-107","中粮期货","27,224","351"
"2","新湖期货","26,440","7,281","永安期货","6,827","-213","国投安信期货","12,636","-3,906"
"3","华泰期货","14,475","1,775","兴证期货","6,706","168","中信期货","11,407","895"
"4","海通期货","13,995","2,441","建信期货","6,673","1,068","兴证期货","8,348","-638"
"5","中信期货","12,494","-1,185","中信期货","5,991","131","安粮期货","7,668","129"
"6","华西期货","11,789","465","一德期货","5,965","-1,137","摩根大通","6,931","311"
"7","光大期货","11,095","83","东证期货","5,891","101","上海中期","6,549","57"
"8","上海中期","8,747","1,676","申银万国","5,829","-1,184","华泰期货","5,967","-14"
"9","国金期货","8,025","3,317","国富期货","5,514","-3,264","光大期货","5,590","230"
"10","国投安信期货","7,589","4,572","银河期货","5,272","276","东证期货","5,535","-8"
"11","东吴期货","7,359","2,091","中信建投","5,008","242","中国国际","4,447","-411"
"12","兴证期货","7,210","3,472","西部期货","4,453","-641","中信建投","4,355","-17"
"13","华安期货","7,208","653","国泰君安","4,209","566","信达期货","4,267","-210"
"14","徽商期货","7,157","855","南华期货","4,017","-1,126","首创期货","3,045","-59"
"15","国富期货","6,461","4,000","中粮期货","3,917","193","先锋期货","2,813","-92"
"16","平安期货","5,268","3,565","光大期货","3,675","-71","新湖期货","2,550","150"
"17","东方财富","4,903","1,195","华安期货","3,557","-474","渤海期货","2,023","434"
"18","永安期货","4,847","1,945","中融汇信","3,412","24","徽商期货","1,949","261"
"19","方正中期","4,340","541","华闻期货","2,904","4","永安期货","1,855","70"
"20","中辉期货","4,183","1,468","长安期货","2,849","48","方正中期","1,565","261"
"合计","","216,472","34,803","","100,788","-5,396","","126,724","-2,206"
"品种：普麦PM     日期：2019-11-18","","","","","","","","",""
"名次","会员简称","成交量（手）","增减量","会员简称","持买仓量","增减量","会员简称","持卖仓量","增减量"
"1","申银万国","0","0","中信期货","3","0","申银万国","3","0"
"2","中信期货","0","0","申银万国","0","0","中信期货","0","0"
"合计","","0","0","","3","0","","3","0"
"品种：早籼RI     日期：2019-11-18","","","","","","","","",""
"名次","会员简称","成交量（手）","增减量","会员简称","持买仓量","增减量","会员简称","持卖仓量","增减量"
"1","东航期货","4","4","中信期货","1","1","江西瑞奇","2","0"
"2","新纪元期货","2","2","中辉期货","1","0","新纪元期货","0","0"
"3","宏源期货","2","2","新纪元期货","0","0","中信期货","0","0"
"4","中信期货","1","1","江西瑞奇","0","0","东航期货","0","0"
"5","华安期货","1","1","东航期货","0","0","中辉期货","0","0"
"6","江西瑞奇","0","0","宏源期货","0","0","宏源期货","0","0"
"7","中辉期货","0","0","华安期货","0","-1","华安期货","0","0"
"合计","","10","10","","2","0","","2","0"
"品种：菜粕RM     日期：2019-11-18","","","","","","","","",""
"名次","会员简称","成交量（手）","增减量","会员简称","持买仓量","增减量","会员简称","持卖仓量","增减量"
"1","东证期货","108,499","-60,289","永安期货","20,534","-1,420","中粮期货","40,155","185"
"2","新湖期货","72,843","-9,354","华泰期货","12,138","-885","中信期货","27,517","-557"
"3","华泰期货","72,640","-7,596","安粮期货","11,765","1,689","华泰期货","16,149","1,097"
"4","华西期货","51,538","750","国投安信期货","11,076","190","永安期货","13,032","-409"
"5","光大期货","39,685","-6,842","广发期货","10,335","-254","光大期货","12,120","879"
"6","海通期货","39,563","878","徽商期货","9,259","-42","国泰君安","10,179","272"
"7","兴证期货","37,854","-1,010","中信期货","9,208","-198","申银万国","9,946","-161"
"8","徽商期货","32,518","206","南华期货","8,446","482","广发期货","9,118","-497"
"9","中信期货","30,615","972","申银万国","7,826","31","国投安信期货","8,996","447"
"10","华安期货","26,286","2,414","中粮期货","7,501","309","兴证期货","7,829","-834"
"11","国泰君安","21,217","1,023","大地期货","7,377","76","东证期货","7,406","694"
"12","东方财富","20,133","3,895","华安期货","7,166","-1,548","宏源期货","7,136","-953"
"13","东吴期货","18,376","2,280","东证期货","7,129","-309","海通期货","7,029","18"
"14","冠通期货","16,639","3,727","方正中期","6,934","-46","东兴期货","6,258","146"
"15","中信建投","14,502","2,133","国泰君安","5,748","-507","中国国际","5,375","-812"
"16","广发期货","13,947","-12,086","宏源期货","5,703","248","鲁证期货","4,895","250"
"17","永安期货","12,711","4,116","海通期货","5,697","-945","摩根大通","4,770","400"
"18","方正中期","12,190","3,945","长江期货","5,578","-673","首创期货","3,917","-389"
"19","安粮期货","12,059","-403","美尔雅","5,312","465","方正中期","3,902","-636"
"20","宏源期货","11,981","1,393","弘业期货","4,894","-152","国信期货","3,663","173"
"合计","","665,796","-69,848","","169,626","-3,489","","209,392","-687"
"品种：菜籽RS     日期：2019-11-18","","","","","","","","",""
"名次","会员简称","成交量（手）","增减量","会员简称","持买仓量","增减量","会员简称","持卖仓量","增减量"
"1","美尔雅","3","1","鲁证期货","3","0","光大期货","3","0"
"2","国元期货","2","2","长江期货","2","0","中信建投","3","0"
"3","招商期货","1","1","美尔雅","2","-3","中原期货","2","0"
"4","海通期货","1","1","东证期货","2","0","银河期货","1","0"
"5","国都期货","1","0","招商期货","1","1","海通期货","1","-1"
"6","新纪元期货","0","-2","徽商期货","1","0","东证期货","1","0"
"7","江苏东华","0","-14","光大期货","1","0","永安期货","1","0"
"8","徽商期货","0","-3","新纪元期货","0","0","新纪元期货","0","0"
"9","方正中期","0","-14","江苏东华","0","0","招商期货","0","0"
"10","银河期货","0","-2","方正中期","0","0","江苏东华","0","0"
"11","鲁证期货","0","0","国元期货","0","0","徽商期货","0","0"
"12","长江期货","0","0","银河期货","0","0","方正中期","0","0"
"13","中原期货","0","-2","海通期货","0","0","国元期货","0","0"
"14","深圳金汇","0","-2","中原期货","0","0","鲁证期货","0","0"
"15","东证期货","0","-12","深圳金汇","0","0","长江期货","0","0"
"16","光大期货","0","0","国都期货","0","0","深圳金汇","0","0"
"17","东航期货","0","-10","东航期货","0","0","美尔雅","0","0"
"18","中信建投","0","0","中信建投","0","0","国都期货","0","-1"
"19","永安期货","0","0","永安期货","0","0","东航期货","0","0"
"合计","","8","-56","","12","-2","","12","-2"
"品种：硅铁SF     日期：2019-11-18","","","","","","","","",""
"名次","会员简称","成交量（手）","增减量","会员简称","持买仓量","增减量","会员简称","持卖仓量","增减量"
"1","中信期货","10,284","4,403","国投安信期货","11,698","-1,841","中信期货","5,907","-585"
"2","新湖期货","8,590","4,830","中信期货","7,059","-2,389","摩根大通","5,545","-545"
"3","东证期货","6,285","2,711","弘业期货","4,649","-2,418","国投安信期货","5,176","316"
"4","弘业期货","4,419","1,897","华信期货","4,524","-101","华泰期货","3,629","-968"
"5","浙商期货","4,196","3,648","华泰期货","2,927","-13","东证期货","3,036","-921"
"6","国投安信期货","3,607","2,145","光大期货","2,493","-250","银河期货","2,806","-291"
"7","兴证期货","3,551","2,075","国泰君安","2,048","249","兴业期货","2,799","2,398"
"8","东吴期货","3,371","1,644","东吴期货","1,683","1,248","永安期货","2,597","152"
"9","华泰期货","2,999","1,356","兴证期货","1,565","443","弘业期货","2,383","119"
"10","兴业期货","2,669","2,415","中原期货","1,493","1","国泰君安","1,970","-485"
"11","申银万国","2,465","-16","广发期货","1,371","-138","中原期货","1,819","287"
"12","海通期货","2,464","442","海通期货","1,351","283","兴证期货","1,558","-1,314"
"13","光大期货","2,405","1,825","申银万国","1,340","-78","方正中期","1,455","-548"
"14","南华期货","2,277","1,558","东证期货","1,334","14","南华期货","1,405","44"
"15","徽商期货","2,169","933","宏源期货","1,290","708","一德期货","1,322","727"
"16","宏源期货","2,151","1,431","南华期货","1,130","151","中金期货","1,234","-8"
"17","国泰君安","2,136","755","上海中期","1,119","303","国信期货","1,223","-380"
"18","一德期货","1,947","1,617","国联期货","972","-1,058","中信建投","1,194","-78"
"19","永安期货","1,908","-78","天风期货","929","-471","国富期货","913","-57"
"20","国联期货","1,785","1,552","格林大华期货","920","-397","浙商期货","901","-256"
"合计","","71,678","37,143","","51,895","-5,754","","48,872","-2,393"
"品种：锰硅SM     日期：2019-11-18","","","","","","","","",""
"名次","会员简称","成交量（手）","增减量","会员简称","持买仓量","增减量","会员简称","持卖仓量","增减量"
"1","东证期货","19,558","3,984","中信期货","17,195","-1,426","中信期货","19,186","1,241"
"2","中信期货","19,495","6,692","国投安信期货","11,230","-1,329","永安期货","9,402","-292"
"3","新湖期货","9,611","558","上海中期","7,984","-1,171","国投安信期货","7,327","-237"
"4","徽商期货","9,173","3,690","银河期货","6,432","-896","宁证期货","6,366","2"
"5","东吴期货","6,334","1,710","弘业期货","6,189","-97","弘业期货","5,827","94"
"6","华泰期货","5,993","2,566","华泰期货","4,680","1,014","五矿经易期货","5,316","743"
"7","国泰君安","5,543","2,113","一德期货","3,028","-389","摩根大通","5,223","-598"
"8","浙商期货","5,421","4,051","东证期货","2,921","266","银河期货","4,838","-253"
"9","国投安信期货","5,254","2,742","中信建投","2,889","-402","上海中期","4,261","-148"
"10","永安期货","5,134","1,709","永安期货","2,692","-1,372","华泰期货","3,829","-427"
"11","银河期货","5,101","3,265","方正中期","2,597","-533","国泰君安","3,663","-178"
"12","方正中期","4,941","2,923","中财期货","2,477","-10","方正中期","3,293","-826"
"13","华安期货","4,805","754","五矿经易期货","2,423","-147","兴证期货","2,963","-1,138"
"14","上海大陆","4,415","2,393","国泰君安","2,190","155","上海大陆","2,675","701"
"15","兴证期货","4,206","1,008","宏源期货","2,075","40","中电投先融","2,419","998"
"16","东方财富","3,991","1,571","申银万国","1,927","-390","东证期货","2,094","-218"
"17","海通期货","3,959","1,233","徽商期货","1,696","-448","长安期货","2,048","-224"
"18","上海中期","3,903","2,023","中钢期货","1,676","381","浙商期货","1,877","-2,899"
"19","申银万国","3,895","1,595","上海大陆","1,672","-918","国海良时","1,768","-2"
"20","弘业期货","3,579","1,433","东海期货","1,498","-18","宏源期货","1,380","-77"
"合计","","134,311","48,013","","85,471","-7,690","","95,755","-3,738"
"品种：白糖SR     日期：2019-11-18","","","","","","","","",""
"名次","会员简称","成交量（手）","增减量","会员简称","持买仓量","增减量","会员简称","持卖仓量","增减量"
"1","海通期货","65,841","-37,327","中粮期货","30,370","-11","中粮期货","71,188","-115"
"2","华泰期货","39,407","-12,415","中信期货","21,872","69","光大期货","32,736","168"
"3","东证期货","30,161","-14,808","宏源期货","19,485","177","华泰期货","22,865","9"
"4","中信期货","20,529","-8,801","华泰期货","18,328","34","创元期货","14,760","148"
"5","广发期货","17,978","-11,146","东兴期货","16,840","-28","华金期货","14,200","32"
"6","徽商期货","17,644","-1,670","浙商期货","16,690","310","东证期货","13,960","-48"
"7","华安期货","17,279","-3,149","一德期货","16,278","-19","中信期货","13,672","504"
"8","光大期货","14,812","-6,947","东证期货","15,844","75","财达期货","12,993","-7"
"9","新湖期货","13,554","-5,169","永安期货","15,345","-2,916","鲁证期货","11,950","8"
"10","宏源期货","11,578","-1,764","光大期货","12,749","-240","建信期货","10,414","37"
"11","银河期货","9,304","-1,520","银河期货","10,623","-205","东兴期货","10,241","-79"
"12","东方财富","9,162","-2,901","国泰君安","10,424","64","宏源期货","9,653","-881"
"13","鲁证期货","8,902","-4,574","兴证期货","10,166","1,385","国投安信期货","9,471","-499"
"14","海证期货","8,839","-1,321","海通期货","9,956","176","银河期货","9,112","-115"
"15","中粮期货","8,374","-2,819","大地期货","8,806","288","国泰君安","8,642","396"
"16","上海大陆","8,158","2,576","广发期货","8,612","-58","永安期货","8,188","201"
"17","东吴期货","7,638","-5,968","华信期货","8,574","-74","中州期货","7,750","-95"
"18","浙商期货","7,534","-3,792","渤海期货","7,843","13","渤海期货","7,642","64"
"19","方正中期","7,511","-4,369","德盛期货","6,879","-55","金瑞期货","7,006","97"
"20","国贸期货","7,273","-2,232","国投安信期货","6,840","-109","华安期货","6,833","-516"
"合计","","331,478","-130,116","","272,524","-1,124","","303,276","-691"
"品种：PTA     日期：2019-11-18","","","","","","","","",""
"名次","会员简称","成交量（手）","增减量","会员简称","持买仓量","增减量","会员简称","持卖仓量","增减量"
"1","东证期货","148,063","-40,993","华泰期货","57,517","-2,632","中信期货","69,454","-1,639"
"2","永安期货","62,654","22,602","银河期货","44,288","1,212","永安期货","64,251","-19,447"
"3","华泰期货","59,875","572","中信期货","38,473","-1,429","华泰期货","55,806","-17,743"
"4","广发期货","54,459","-7,930","广发期货","38,473","-285","银河期货","50,800","650"
"5","海通期货","45,242","-11,822","永安期货","38,255","-3,445","宏源期货","46,887","148"
"6","中信期货","45,118","-1,240","光大期货","34,348","-767","建信期货","39,884","1,498"
"7","徽商期货","38,843","-475","海通期货","31,855","3,208","南华期货","36,815","-486"
"8","新湖期货","37,070","-8,240","东证期货","31,814","-911","通惠期货","36,112","97"
"9","光大期货","36,319","-8,668","南华期货","30,192","-1,414","兴业期货","35,020","347"
"10","东吴期货","32,578","-4,731","方正中期","24,686","-163","宝城期货","32,023","591"
"11","华安期货","29,287","-12,928","中粮期货","24,079","191","华安期货","31,681","457"
"12","浙商期货","28,838","-5,551","西南期货","21,507","-802","东吴期货","26,743","925"
"13","华闻期货","27,542","-8,742","长江期货","20,730","-577","东证期货","26,719","-770"
"14","南华期货","25,432","-5,720","徽商期货","20,260","-267","光大期货","24,289","-310"
"15","申银万国","25,182","-8,052","国贸期货","20,203","-350","浙商期货","21,613","-552"
"16","东海期货","20,895","-12,338","上海中期","20,014","-3,911","国泰君安","19,771","572"
"17","华西期货","20,505","-7,053","国泰君安","19,345","-917","五矿经易期货","18,124","439"
"18","银河期货","18,666","95","新湖期货","19,242","-628","东海期货","17,373","726"
"19","国泰君安","18,509","-3,447","申银万国","18,371","-1,957","天风期货","15,361","3,636"
"20","方正中期","18,266","-2,734","东吴期货","17,641","-1,007","华闻期货","14,584","-1,011"
"合计","","793,343","-127,395","","571,293","-16,851","","683,310","-31,872"
"品种：尿素UR     日期：2019-11-18","","","","","","","","",""
"名次","会员简称","成交量（手）","增减量","会员简称","持买仓量","增减量","会员简称","持卖仓量","增减量"
"1","海通期货","11,121","4,788","永安期货","7,875","390","永安期货","10,667","230"
"2","华泰期货","6,482","3,657","中信期货","5,541","2","银河期货","7,285","1,380"
"3","东兴期货","5,268","5,157","国投安信期货","4,011","16","建信期货","6,503","8"
"4","徽商期货","5,120","3,596","银河期货","3,461","264","倍特期货","4,371","-1,726"
"5","华安期货","4,436","3,373","一德期货","2,303","525","东航期货","3,639","-191"
"6","一德期货","3,885","-741","中信建投","2,197","267","一德期货","3,146","872"
"7","光大期货","3,500","1,776","鲁证期货","2,165","-99","创元期货","3,013","153"
"8","国泰君安","3,500","2,783","徽商期货","1,949","453","华泰期货","2,544","755"
"9","银河期货","3,494","3,068","国泰君安","1,903","335","方正中期","2,354","-241"
"10","方正中期","3,391","-222","兴证期货","1,845","-38","兴证期货","2,135","-21"
"11","东吴期货","3,253","2,668","浙商期货","1,789","449","中辉期货","1,881","337"
"12","永安期货","3,248","1,559","招金期货","1,622","-79","海通期货","1,804","1,115"
"13","东证期货","2,796","2,012","英大期货","1,537","1,045","中信期货","1,592","430"
"14","浙商期货","2,761","2,502","华安期货","1,492","487","国泰君安","1,482","-747"
"15","盛达期货","2,573","2,536","方正中期","1,447","452","东证期货","1,468","239"
"16","中辉期货","2,532","1,868","海通期货","1,359","242","宏源期货","1,196","206"
"17","中信期货","2,368","1,086","上海大陆","1,268","219","南华期货","1,028","116"
"18","鲁证期货","1,972","705","宏源期货","1,210","387","徽商期货","1,000","147"
"19","东航期货","1,965","1,599","华泰期货","1,130","265","大地期货","954","434"
"20","冠通期货","1,928","980","光大期货","1,047","156","中国国际","905","176"
"合计","","75,593","44,750","","47,151","5,738","","58,967","3,672"
"品种：强麦WH     日期：2019-11-18","","","","","","","","",""
"名次","会员简称","成交量（手）","增减量","会员简称","持买仓量","增减量","会员简称","持卖仓量","增减量"
"1","弘业期货","10","-2","永安期货","60","3","永安期货","120","0"
"2","中信建投","4","4","新湖期货","11","0","新纪元期货","10","0"
"3","永安期货","3","0","国信期货","7","0","申银万国","7","0"
"4","渤海期货","2","2","申银万国","7","0","弘业期货","2","2"
"5","国都期货","2","2","南华期货","7","0","东证期货","1","0"
"6","美尔雅","1","1","国泰君安","5","0","安粮期货","1","0"
"7","新纪元期货","0","0","海通期货","4","0","华泰期货","0","0"
"8","华泰期货","0","0","神华期货","4","0","招商期货","0","0"
"9","招商期货","0","0","格林大华期货","3","0","格林大华期货","0","0"
"10","格林大华期货","0","0","方正中期","3","0","国信期货","0","0"
"11","国信期货","0","0","中信期货","3","0","华龙期货","0","0"
"12","华龙期货","0","0","东海期货","3","0","方正中期","0","0"
"13","申银万国","0","-2","渤海期货","2","2","渤海期货","0","0"
"14","方正中期","0","0","中粮期货","2","0","中信期货","0","0"
"15","中信期货","0","0","中电投先融","2","0","中粮期货","0","0"
"16","中粮期货","0","0","兴证期货","2","0","海通期货","0","0"
"17","海通期货","0","-1","华泰期货","1","0","创元期货","0","0"
"18","创元期货","0","0","招商期货","1","0","美尔雅","0","0"
"19","东证期货","0","0","弘业期货","1","0","浙商期货","0","0"
"20","浙商期货","0","0","华龙期货","1","0","国都期货","0","0"
"合计","","22","4","","129","5","","141","2"
"品种：动力煤ZC     日期：2019-11-18","","","","","","","","",""
"名次","会员简称","成交量（手）","增减量","会员简称","持买仓量","增减量","会员简称","持卖仓量","增减量"
"1","东证期货","20,140","-2,121","中信期货","23,300","-488","中信期货","20,371","992"
"2","中信期货","10,376","-527","国信期货","16,029","-7","永安期货","14,713","-454"
"3","华泰期货","9,884","-1,188","国金期货","15,643","-43","一德期货","12,396","-1,090"
"4","锦泰期货","7,788","2,283","海证期货","14,991","-32","东证期货","11,807","472"
"5","新湖期货","7,094","-2,596","国投安信期货","13,742","-378","摩根大通","11,007","-198"
"6","光大期货","6,541","1,043","宝城期货","12,462","45","华泰期货","10,696","-21"
"7","中信建投","6,486","866","东证期货","9,195","336","银河期货","10,374","188"
"8","海通期货","6,171","-170","新湖期货","9,150","-72","新湖期货","9,257","8"
"9","国投安信期货","5,736","1,428","国泰君安","7,292","-915","瑞达期货","8,377","-891"
"10","宏源期货","5,301","1,381","一德期货","7,051","-584","方正中期","7,555","-249"
"11","兴证期货","4,677","425","银河期货","6,491","-248","海证期货","7,224","-843"
"12","方正中期","4,459","1,353","兴业期货","6,468","-563","中信建投","6,404","-40"
"13","五矿经易期货","4,365","665","上海中期","6,287","6","兴证期货","5,743","823"
"14","海证期货","4,069","397","光大期货","6,261","-724","宏源期货","5,658","-174"
"15","南华期货","3,937","12","永安期货","6,061","-91","海通期货","5,265","1,133"
"16","浙商期货","3,530","-25","锦泰期货","5,990","198","五矿经易期货","5,081","-43"
"17","永安期货","3,421","-429","中大期货","5,914","74","锦泰期货","4,582","156"
"18","国泰君安","3,309","1,419","宏源期货","5,429","635","徽商期货","4,275","396"
"19","上海中期","3,254","422","华泰期货","5,051","-477","广发期货","4,264","-130"
"20","广发期货","3,233","867","方正中期","4,728","544","国信期货","4,226","230"
"合计","","123,771","5,505","","187,535","-2,784","","169,275","265"
"合约：AP001     日期：2019-11-18","","","","","","","","",""
"名次","会员简称","成交量（手）","增减量","会员简称","持买仓量","增减量","会员简称","持卖仓量","增减量"
"1","东证期货","40,104","2,740","华泰期货","2,562","-479","中信期货","5,478","849"
"2","海通期货","21,255","8,819","中信期货","2,416","-788","华泰期货","3,258","60"
"3","中信期货","17,153","3,199","浙商期货","2,348","-324","永安期货","2,652","-196"
"4","华泰期货","16,165","1,240","东证期货","2,242","-719","徽商期货","2,211","193"
"5","东吴期货","14,498","4,993","徽商期货","2,030","42","国泰君安","2,109","336"
"6","徽商期货","13,737","1,888","永安期货","1,825","659","海通期货","1,832","536"
"7","光大期货","11,890","3,267","先锋期货","1,713","-56","东证期货","1,745","-23"
"8","华安期货","11,189","2,945","华安期货","1,709","320","国投安信期货","1,692","-117"
"9","国泰君安","8,294","382","鲁证期货","1,572","-281","东吴期货","1,670","446"
"10","新湖期货","7,632","56","国泰君安","1,348","-378","中粮期货","1,568","7"
"11","方正中期","7,199","2,995","广发期货","1,335","73","银河期货","1,406","-115"
"12","鲁证期货","6,878","3,059","方正中期","1,327","195","方正中期","1,362","-16"
"13","永安期货","6,225","2,662","申银万国","1,303","151","先锋期货","1,281","352"
"14","中信建投","6,049","2,716","宏源期货","1,179","46","华安期货","1,171","-85"
"15","申银万国","5,552","1,509","国投安信期货","1,161","5","宏源期货","1,111","84"
"16","先锋期货","5,416","2,720","国富期货","1,154","-73","弘业期货","1,097","2"
"17","东方财富","5,332","2,064","中粮期货","1,144","-65","安粮期货","1,096","154"
"18","浙商期货","5,061","2,189","兴证期货","1,123","-576","上海大陆","1,091","-76"
"19","银河期货","4,727","-260","长江期货","1,114","-94","南华期货","1,072","152"
"20","安粮期货","4,586","903","光大期货","1,066","331","浙商期货","1,053","9"
"合计","","218,942","50,086","","31,671","-2,011","","35,955","2,552"
"合约：AP005     日期：2019-11-18","","","","","","","","",""
"名次","会员简称","成交量（手）","增减量","会员简称","持买仓量","增减量","会员简称","持卖仓量","增减量"
"1","东证期货","7,364","3,482","华泰期货","1,991","115","中信期货","2,275","139"
"2","中信期货","2,318","1,111","中信期货","1,388","281","华泰期货","2,178","86"
"3","海通期货","1,694","719","徽商期货","1,224","-97","鲁证期货","1,310","267"
"4","徽商期货","1,593","725","浙商期货","1,153","-70","徽商期货","1,161","22"
"5","永安期货","1,236","625","国投安信期货","970","176","永安期货","1,040","155"
"6","光大期货","1,050","586","东证期货","895","569","一德期货","952","147"
"7","新湖期货","1,046","415","永安期货","841","623","海通期货","657","194"
"8","东航期货","1,043","629","中州期货","634","411","东证期货","645","327"
"9","华泰期货","1,027","430","鲁证期货","601","-41","首创期货","615","55"
"10","中信建投","844","518","安粮期货","601","72","东吴期货","572","-3"
"11","国投安信期货","812","295","首创期货","583","23","国投安信期货","556","20"
"12","南华期货","794","374","先锋期货","580","82","金元期货","518","19"
"13","鲁证期货","788","175","东吴期货","569","83","混沌天成期货","510","7"
"14","东吴期货","782","374","海通期货","511","16","安粮期货","502","25"
"15","浙商期货","757","301","南华期货","458","310","国海良时","498","84"
"16","宏源期货","754","10","国元期货","429","36","东航期货","493","189"
"17","华西期货","719","459","长江期货","419","160","华安期货","492","102"
"18","华安期货","682","135","新晟期货","411","224","中财期货","462","395"
"19","海证期货","665","514","锦泰期货","407","28","中辉期货","449","144"
"20","申银万国","661","350","光大期货","405","181","宏源期货","404","42"
"合计","","26,629","12,227","","15,070","3,182","","16,289","2,416"
"合约：AP912     日期：2019-11-18","","","","","","","","",""
"名次","会员简称","成交量（手）","增减量","会员简称","持买仓量","增减量","会员简称","持卖仓量","增减量"
"1","徽商期货","487","146","先锋期货","450","-1","华泰期货","327","-103"
"2","东证期货","486","-17","国富期货","389","-2","中融汇信","307","1"
"3","华西期货","414","112","江苏东华","269","0","德盛期货","273","-31"
"4","建信期货","343","61","光大期货","266","127","海通期货","271","0"
"5","华泰期货","313","-51","东兴期货","219","5","中信期货","246","3"
"6","宏源期货","292","192","中粮期货","213","-1","中粮期货","216","11"
"7","中原期货","285","284","天风期货","202","-3","广发期货","184","-86"
"8","鲁证期货","267","-25","鑫鼎盛期货","200","0","银河期货","175","-1"
"9","国投安信期货","262","76","方正中期","194","3","一德期货","174","-5"
"10","华安期货","250","56","兴证期货","190","-45","永安期货","129","-12"
"11","银河期货","239","-196","东证期货","178","4","华安期货","127","64"
"12","五矿经易期货","216","-241","浙商期货","173","41","东证期货","124","26"
"13","永安期货","209","7","国泰君安","155","-76","鲁证期货","123","-96"
"14","中信期货","189","-3","上海大陆","141","-91","中信建投","114","10"
"15","中信建投","188","-244","中信建投","122","-2","中国国际","110","0"
"16","倍特期货","180","63","中钢期货","112","-21","冠通期货","110","3"
"17","国泰君安","172","73","弘业期货","111","0","中衍期货","108","-12"
"18","广发期货","161","38","永安期货","110","-1","国富期货","105","-2"
"19","东兴期货","156","47","冠通期货","102","0","倍特期货","91","37"
"20","浙商期货","148","-145","华闻期货","102","2","申银万国","88","10"
"合计","","5,257","233","","3,898","-61","","3,402","-183"
"合约：CF001     日期：2019-11-18","","","","","","","","",""
"名次","会员简称","成交量（手）","增减量","会员简称","持买仓量","增减量","会员简称","持卖仓量","增减量"
"1","海通期货","66,412","1,361","东证期货","21,258","-1,434","东证期货","37,697","412"
"2","华泰期货","47,672","-1,831","中信期货","17,135","569","国投安信期货","28,690","-4,711"
"3","东证期货","41,116","-1,866","永安期货","14,824","-1,940","永安期货","19,842","525"
"4","新湖期货","37,212","15,411","国泰君安","14,492","-186","长江期货","17,639","63"
"5","华金期货","16,072","1,784","中粮期货","13,632","247","金瑞期货","16,373","-374"
"6","中信期货","15,648","107","海通期货","11,603","495","中粮期货","15,291","409"
"7","光大期货","15,001","1,307","一德期货","11,598","-1,294","国贸期货","14,603","17"
"8","华安期货","11,814","360","中电投先融","11,248","-1,614","中信期货","11,324","651"
"9","国投安信期货","10,994","-4,088","长江期货","10,363","257","兴业期货","10,917","198"
"10","冠通期货","10,912","4,083","金瑞期货","9,193","2","华信期货","10,141","-1,016"
"11","华西期货","10,810","1,666","国投安信期货","8,996","475","建信期货","8,721","-128"
"12","华闻期货","10,649","2,670","光大期货","8,857","1,929","大有期货","8,663","-153"
"13","中辉期货","10,432","516","华泰期货","8,461","124","中国国际","8,427","99"
"14","徽商期货","9,629","-730","鲁证期货","8,162","191","南华期货","7,491","457"
"15","方正中期","9,537","1,111","银河期货","7,623","1,140","华泰期货","6,977","-814"
"16","国泰君安","9,325","369","中国国际","7,061","-57","格林大华期货","5,754","-6"
"17","永安期货","8,745","3,757","方正中期","6,228","179","光大期货","5,675","2,264"
"18","宏源期货","8,338","3,074","国贸期货","5,818","-146","银河期货","4,672","773"
"19","中信建投","8,238","4,045","格林大华期货","4,880","-52","宏源期货","4,665","-61"
"20","东吴期货","8,143","-1,213","宏源期货","4,526","875","国泰君安","4,075","535"
"合计","","366,699","31,893","","205,958","-240","","247,637","-860"
"合约：CF003     日期：2019-11-18","","","","","","","","",""
"名次","会员简称","成交量（手）","增减量","会员简称","持买仓量","增减量","会员简称","持卖仓量","增减量"
"1","南华期货","2,552","54","光大期货","5,000","0","光大期货","5,000","0"
"2","中粮期货","2,550","104","中粮期货","4,134","1,003","中粮期货","4,052","985"
"3","国元期货","1,425","822","招商期货","3,101","9","招商期货","3,002","-1"
"4","国海良时","1,203","243","中信期货","2,677","77","华泰期货","2,559","-42"
"5","招商期货","946","361","华泰期货","2,540","-49","中信期货","2,394","-10"
"6","广发期货","735","-183","南华期货","1,708","954","南华期货","1,759","970"
"7","鲁证期货","618","387","大地期货","1,490","-88","大地期货","1,626","-88"
"8","锦泰期货","569","-143","冠通期货","1,245","0","冠通期货","1,245","0"
"9","华安期货","518","504","中原期货","1,003","0","海通期货","1,177","-1"
"10","中信期货","515","181","永安期货","861","-10","中原期货","1,000","0"
"11","银河期货","489","111","鲁证期货","575","0","浙商期货","516","60"
"12","新湖期货","430","160","金瑞期货","553","0","国海良时","501","7"
"13","中信建投","407","172","国海良时","545","-6","鲁证期货","369","0"
"14","浙商期货","263","131","海通期货","506","6","兴业期货","316","0"
"15","国金期货","234","-1","中信建投","429","47","申银万国","301","-36"
"16","大地期货","178","78","浙商期货","391","-11","华安期货","243","90"
"17","海通期货","157","-176","锦泰期货","203","-5","锦泰期货","243","22"
"18","宏源期货","123","-54","东证期货","115","0","东证期货","232","-110"
"19","东证期货","110","99","上海大陆","53","0","国泰君安","222","0"
"20","华泰期货","109","-291","宏源期货","53","33","中信建投","213","2"
"合计","","14,131","2,559","","27,182","1,960","","26,970","1,848"
"合约：CF005     日期：2019-11-18","","","","","","","","",""
"名次","会员简称","成交量（手）","增减量","会员简称","持买仓量","增减量","会员简称","持卖仓量","增减量"
"1","华泰期货","41,273","-3,681","永安期货","18,602","1,883","东证期货","17,698","303"
"2","国投安信期货","21,331","12,257","鲁证期货","16,366","-259","国投安信期货","16,416","2,817"
"3","海通期货","16,970","-2,316","一德期货","14,946","-1,213","中信期货","14,945","1,161"
"4","华金期货","15,614","1,595","国投安信期货","11,968","820","银河期货","13,690","-115"
"5","先锋期货","12,585","12,179","光大期货","10,329","134","宏源期货","13,492","323"
"6","弘业期货","7,503","4,043","东证期货","9,966","798","中国国际","13,426","355"
"7","永安期货","7,245","509","中信期货","8,202","-536","中粮期货","13,250","99"
"8","中辉期货","7,035","-391","海通期货","7,968","410","华信期货","12,956","525"
"9","东证期货","6,737","486","银河期货","7,265","162","长江期货","11,575","230"
"10","中信期货","5,581","1,801","首创期货","7,226","1,721","信达期货","10,928","-1"
"11","广发期货","5,507","4,269","中粮期货","6,304","1,874","国贸期货","10,389","-10"
"12","东吴期货","4,164","855","兴证期货","5,663","-51","国泰君安","8,874","177"
"13","华安期货","3,955","-1,042","华泰期货","5,430","-317","金瑞期货","8,417","486"
"14","银河期货","3,933","391","广发期货","4,991","2,100","华泰期货","7,595","-130"
"15","新湖期货","3,679","-635","新湖期货","4,292","-2","兴证期货","3,787","357"
"16","首创期货","3,079","364","申银万国","4,154","-50","广发期货","3,610","2,179"
"17","徽商期货","3,077","-33","中国国际","4,069","258","海通期货","3,521","442"
"18","申银万国","3,073","1,018","中电投先融","3,984","1,848","申银万国","3,479","555"
"19","东方财富","2,744","964","浙商期货","3,675","121","永安期货","3,313","442"
"20","光大期货","2,651","982","方正中期","3,174","-48","格林大华期货","3,091","0"
"合计","","177,736","33,615","","158,574","9,653","","194,452","10,195"
"合约：CF009     日期：2019-11-18","","","","","","","","",""
"名次","会员简称","成交量（手）","增减量","会员简称","持买仓量","增减量","会员简称","持卖仓量","增减量"
"1","申银万国","635","586","鲁证期货","8,983","1","兴证期货","7,223","-1"
"2","金瑞期货","502","502","一德期货","5,885","1","永安期货","2,668","1"
"3","东证期货","364","60","兴证期货","2,507","-1","海通期货","2,223","100"
"4","冠通期货","362","80","东证期货","1,751","-30","一德期货","2,022","71"
"5","海证期货","332","252","先锋期货","771","35","金瑞期货","1,740","0"
"6","中信期货","302","232","弘业期货","695","-1","弘业期货","1,412","0"
"7","华信期货","220","11","浙商期货","667","2","宏源期货","1,254","4"
"8","东吴期货","190","-193","安粮期货","650","7","中信期货","1,242","301"
"9","方正中期","187","-654","申银万国","603","591","长江期货","856","0"
"10","中辉期货","169","30","宏源期货","544","5","方正中期","850","-129"
"11","先锋期货","149","35","华信期货","531","-158","银河期货","829","1"
"12","华安期货","138","-184","金瑞期货","500","500","新湖期货","602","0"
"13","广发期货","134","95","国投安信期货","478","-8","财达期货","560","0"
"14","海通期货","105","-2,045","中电投先融","424","3","鲁证期货","527","-2"
"15","上海中期","101","97","混沌天成期货","405","0","冠通期货","481","121"
"16","恒泰期货","90","-1","新湖期货","397","49","东证期货","461","190"
"17","新湖期货","89","-229","华安期货","391","4","招金期货","430","0"
"18","平安期货","85","-40","创元期货","367","-16","首创期货","401","0"
"19","五矿经易期货","84","-1","中衍期货","313","0","光大期货","378","2"
"20","永安期货","81","-184","大越期货","280","0","美尔雅","365","1"
"合计","","4,319","-1,551","","27,142","984","","26,524","660"
"合约：CJ001     日期：2019-11-18","","","","","","","","",""
"名次","会员简称","成交量（手）","增减量","会员简称","持买仓量","增减量","会员简称","持卖仓量","增减量"
"1","海通期货","14,320","-591","南华期货","2,668","409","永安期货","2,552","-164"
"2","中信期货","10,584","1,639","国泰君安","2,632","62","中信期货","1,914","142"
"3","东证期货","4,632","355","中信期货","2,344","-114","华泰期货","1,391","-147"
"4","光大期货","4,612","616","华泰期货","2,052","-150","东证期货","1,370","-161"
"5","华泰期货","4,139","1,198","中财期货","1,715","-55","国泰君安","1,270","33"
"6","徽商期货","3,954","27","五矿经易期货","1,316","-2","广发期货","1,107","-64"
"7","新湖期货","3,386","784","鲁证期货","1,184","-139","海通期货","1,102","173"
"8","华安期货","3,184","387","一德期货","1,124","290","徽商期货","1,065","-125"
"9","广发期货","3,166","-377","永安期货","1,058","160","光大期货","992","-166"
"10","中信建投","2,333","628","华金期货","1,015","-76","宏源期货","849","-25"
"11","方正中期","2,275","-108","宝城期货","1,014","-19","申银万国","839","59"
"12","银河期货","2,210","73","光大期货","984","44","华安期货","836","-96"
"13","东方财富","2,201","435","兴证期货","881","185","中国国际","791","-87"
"14","东吴期货","2,155","322","海通期货","879","-65","银河期货","744","-115"
"15","永安期货","2,086","-456","广发期货","771","110","安粮期货","718","143"
"16","国泰君安","1,931","-250","中信建投","689","302","国投安信期货","717","-42"
"17","兴证期货","1,805","808","宏源期货","644","-109","东方财富","691","-1"
"18","安粮期货","1,601","178","国投安信期货","625","-44","方正中期","681","-56"
"19","南华期货","1,560","461","方正中期","565","-97","东海期货","646","83"
"20","东航期货","1,539","314","新疆天利","552","39","南华期货","644","-49"
"合计","","73,673","6,443","","24,712","731","","20,919","-665"
"合约：CJ005     日期：2019-11-18","","","","","","","","",""
"名次","会员简称","成交量（手）","增减量","会员简称","持买仓量","增减量","会员简称","持卖仓量","增减量"
"1","华泰期货","1,241","956","国泰君安","1,765","148","一德期货","786","321"
"2","银河期货","1,027","541","永安期货","1,407","4","永安期货","693","102"
"3","永安期货","738","82","浙江新世纪","1,006","5","国泰君安","636","-218"
"4","东证期货","736","-43","徽商期货","827","38","中粮期货","626","-12"
"5","国泰君安","686","389","五矿经易期货","653","336","创元期货","531","-19"
"6","东海期货","664","181","中信期货","574","38","徽商期货","501","-9"
"7","华安期货","648","278","鲁证期货","505","75","中衍期货","422","2"
"8","徽商期货","615","283","光大期货","412","-159","宏源期货","416","-14"
"9","光大期货","516","93","一德期货","382","-26","中信期货","393","6"
"10","中辉期货","511","388","华闻期货","366","-21","华泰期货","371","13"
"11","五矿经易期货","461","134","新湖期货","361","103","上海大陆","327","18"
"12","一德期货","459","130","宝城期货","354","-3","福能期货","327","220"
"13","广发期货","402","24","宏源期货","350","11","平安期货","327","-6"
"14","上海大陆","345","14","方正中期","323","-58","国海良时","313","25"
"15","国海良时","330","194","招金期货","315","0","国贸期货","311","1"
"16","中银国际","311","280","华泰期货","296","8","东证期货","311","-18"
"17","浙商期货","293","124","海通期货","290","-8","华闻期货","301","1"
"18","福能期货","232","200","广州期货","277","0","华安期货","296","-99"
"19","中信期货","210","-1","中财期货","274","-23","中国国际","271","3"
"20","山西三立","201","154","中衍期货","271","0","海证期货","262","13"
"合计","","10,626","4,401","","11,008","468","","8,421","330"
"合约：CJ912     日期：2019-11-18","","","","","","","","",""
"名次","会员简称","成交量（手）","增减量","会员简称","持买仓量","增减量","会员简称","持卖仓量","增减量"
"1","广发期货","1,365","-850","国泰君安","433","24","中信期货","336","-16"
"2","海通期货","887","-128","华泰期货","395","-1","国泰君安","292","23"
"3","华泰期货","706","-744","永安期货","368","-64","华安期货","256","-27"
"4","华安期货","612","-135","中信期货","327","-14","方正中期","224","-33"
"5","东证期货","476","-93","中国国际","259","3","徽商期货","205","-35"
"6","永安期货","308","-82","国联期货","250","-2","光大期货","189","-82"
"7","方正中期","303","-80","一德期货","231","-43","中辉期货","184","-16"
"8","东方财富","255","-81","德盛期货","227","24","银河期货","183","-6"
"9","徽商期货","246","-91","广发期货","213","-60","东证期货","177","2"
"10","光大期货","226","-384","东方财富","197","-73","永安期货","175","-60"
"11","中信期货","220","-263","金瑞期货","163","0","华泰期货","171","-35"
"12","东海期货","210","-124","海证期货","160","0","宏源期货","160","-2"
"13","浙商期货","196","-72","招金期货","159","-47","广发期货","151","-57"
"14","华西期货","183","13","银河期货","157","-1","招商期货","147","-12"
"15","国泰君安","163","-159","五矿经易期货","151","-130","东方财富","145","-8"
"16","鲁证期货","157","-70","东证期货","146","-24","东航期货","140","-17"
"17","五矿经易期货","151","-276","建信期货","134","-7","中信建投","137","-36"
"18","英大期货","144","104","光大期货","133","-2","国投安信期货","136","-27"
"19","广州期货","139","84","徽商期货","127","-57","长江期货","136","1"
"20","国元期货","136","109","申银万国","127","-20","平安期货","133","-23"
"合计","","7,083","-3,322","","4,357","-494","","3,677","-466"
"合约：CY001     日期：2019-11-18","","","","","","","","",""
"名次","会员简称","成交量（手）","增减量","会员简称","持买仓量","增减量","会员简称","持卖仓量","增减量"
"1","海通期货","3,896","1,086","中粮期货","1,351","103","中粮期货","1,355","102"
"2","上海中期","2,811","592","南华期货","1,037","13","南华期货","1,012","0"
"3","宏源期货","2,689","503","长江期货","766","104","国投安信期货","842","-40"
"4","中粮期货","2,663","528","东证期货","729","-45","东证期货","764","-221"
"5","长江期货","2,501","403","宏源期货","550","141","长江期货","738","107"
"6","中信期货","979","228","国投安信期货","522","-37","宏源期货","625","206"
"7","浙商期货","800","45","上海中期","484","48","海通期货","544","11"
"8","弘业期货","685","47","永安期货","477","0","上海中期","469","47"
"9","瑞达期货","645","73","弘业期货","443","-62","弘业期货","433","-61"
"10","东证期货","634","-142","海通期货","432","3","永安期货","417","0"
"11","五矿经易期货","440","46","浙商期货","422","14","五矿经易期货","405","-5"
"12","国投安信期货","425","48","瑞达期货","406","0","大地期货","356","-33"
"13","方正中期","277","164","五矿经易期货","405","-5","浙商期货","335","-8"
"14","新湖期货","234","-63","大地期货","349","-33","中信期货","325","1"
"15","大地期货","220","60","中信期货","346","0","瑞达期货","302","-9"
"16","南华期货","209","65","国泰君安","111","17","国贸期货","191","20"
"17","申银万国","202","159","兴证期货","82","0","中国国际","133","-3"
"18","华西期货","200","50","广发期货","76","-7","方正中期","77","52"
"19","安粮期货","196","-5","申银万国","61","-75","徽商期货","73","-5"
"20","永安期货","136","-4","银河期货","59","18","新湖期货","63","-16"
"合计","","20,842","3,883","","9,108","197","","9,459","145"
"合约：FG001     日期：2019-11-18","","","","","","","","",""
"名次","会员简称","成交量（手）","增减量","会员简称","持买仓量","增减量","会员简称","持卖仓量","增减量"
"1","东证期货","30,554","2,876","永安期货","37,671","237","永安期货","17,728","1,097"
"2","永安期货","18,350","7,719","华泰期货","14,882","-2,810","方正中期","14,355","232"
"3","华泰期货","17,474","10,813","中信期货","10,500","-312","天风期货","13,497","-10"
"4","光大期货","16,015","960","申银万国","8,539","184","银河期货","12,343","-26"
"5","新湖期货","12,986","1,844","国泰君安","8,521","2,729","华泰期货","10,802","-1,230"
"6","弘业期货","12,204","9,621","方正中期","7,760","-1,020","东证期货","6,946","643"
"7","方正中期","10,820","3,453","摩根大通","7,456","-35","广发期货","6,713","-304"
"8","申银万国","8,891","-809","国投安信期货","6,485","639","中信期货","5,115","203"
"9","国泰君安","8,253","4,742","兴证期货","6,256","779","国泰君安","4,841","-644"
"10","建信期货","7,822","4,570","银河期货","5,801","-479","徽商期货","4,592","-750"
"11","兴证期货","7,694","2,842","倍特期货","5,651","-578","东方财富","4,216","-564"
"12","东吴期货","7,214","-2,406","宏源期货","5,539","-332","申银万国","3,914","5"
"13","中信期货","7,191","369","南华期货","4,911","-665","新湖期货","3,899","-820"
"14","徽商期货","7,142","1,037","中金期货","4,397","-119","华安期货","3,671","70"
"15","冠通期货","6,040","3,649","招商期货","4,062","36","东吴期货","3,609","-830"
"16","华安期货","5,997","1,948","新湖期货","3,964","-1,022","中粮期货","3,492","-90"
"17","海通期货","5,867","227","国元期货","3,933","83","建信期货","3,432","2,631"
"18","倍特期货","5,435","5,149","广州期货","3,603","2,280","宏源期货","3,394","523"
"19","华信期货","5,209","-4,522","东航期货","3,365","-143","中信建投","3,177","-208"
"20","广州期货","5,089","3,433","长江期货","3,332","326","浙商期货","3,135","-64"
"合计","","206,247","57,515","","156,628","-222","","132,871","-136"
"合约：FG005     日期：2019-11-18","","","","","","","","",""
"名次","会员简称","成交量（手）","增减量","会员简称","持买仓量","增减量","会员简称","持卖仓量","增减量"
"1","东证期货","5,875","1,965","永安期货","10,814","739","银河期货","5,572","900"
"2","光大期货","3,858","1,012","长江期货","7,150","218","宏源期货","3,826","19"
"3","华安期货","3,053","969","华泰期货","5,119","485","建信期货","3,439","534"
"4","方正中期","2,933","-2,521","中粮期货","4,744","881","方正中期","2,356","107"
"5","建信期货","2,772","2,432","方正中期","4,636","224","徽商期货","2,232","-37"
"6","华泰期货","2,433","1,298","海通期货","4,472","41","东证期货","2,143","498"
"7","永安期货","2,234","-488","倍特期货","3,417","304","国泰君安","2,078","-116"
"8","徽商期货","2,095","416","中信期货","2,641","156","国信期货","2,007","47"
"9","中信期货","1,890","438","一德期货","2,199","-149","中信期货","1,672","-68"
"10","宏源期货","1,787","-181","东方财富","2,151","39","华泰期货","1,613","-102"
"11","国泰君安","1,689","904","光大期货","1,984","181","华安期货","1,564","-304"
"12","弘业期货","1,475","729","国泰君安","1,696","-465","国富期货","1,542","-3"
"13","银河期货","1,438","-376","东海期货","1,614","160","广发期货","1,536","321"
"14","安粮期货","1,231","695","申银万国","1,546","226","海通期货","1,442","-15"
"15","中信建投","1,209","292","东证期货","1,079","139","中信建投","1,408","124"
"16","长江期货","1,198","649","混沌天成期货","1,001","0","一德期货","1,387","59"
"17","中粮期货","1,068","993","信达期货","993","-1","永安期货","1,324","9"
"18","东吴期货","960","-199","和合期货","955","3","宝城期货","1,300","125"
"19","申银万国","887","69","广州期货","954","81","招商期货","1,208","38"
"20","东方财富","885","304","中信建投","906","401","东航期货","1,179","44"
"合计","","40,970","9,400","","60,071","3,663","","40,828","2,180"
"合约：FG912     日期：2019-11-18","","","","","","","","",""
"名次","会员简称","成交量（手）","增减量","会员简称","持买仓量","增减量","会员简称","持卖仓量","增减量"
"1","永安期货","15","12","光大期货","1,008","0","光大期货","1,003","0"
"2","华泰期货","11","11","兴证期货","900","0","兴证期货","900","0"
"3","大地期货","11","6","中原期货","390","0","中原期货","390","0"
"4","华安期货","10","10","永安期货","343","-15","永安期货","232","0"
"5","方正中期","8","4","华鑫期货","1","1","海通期货","40","-3"
"6","海通期货","7","7","-","-","-","华创期货","15","0"
"7","国投安信期货","3","-1","-","-","-","中信期货","9","0"
"8","广发期货","2","2","-","-","-","东证期货","7","0"
"9","国泰君安","2","-1","-","-","-","宝城期货","6","1"
"10","宝城期货","1","1","-","-","-","国元期货","6","0"
"11","华鑫期货","1","0","-","-","-","华泰期货","5","-11"
"12","中衍期货","1","0","-","-","-","国信期货","5","0"
"13","-","-","-","-","-","-","国泰君安","4","0"
"14","-","-","-","-","-","-","招商期货","2","0"
"15","-","-","-","-","-","-","申银万国","2","0"
"16","-","-","-","-","-","-","银河期货","2","0"
"17","-","-","-","-","-","-","广发期货","2","0"
"18","-","-","-","-","-","-","国海良时","2","0"
"19","-","-","-","-","-","-","东方财富","2","0"
"20","-","-","-","-","-","-","国投安信期货","1","-3"
"合计","","72","51","","2,642","-14","","2,635","-16"
"合约：JR001     日期：2019-11-18","","","","","","","","",""
"名次","会员简称","成交量（手）","增减量","会员简称","持买仓量","增减量","会员简称","持卖仓量","增减量"
"1","-","-","-","汇鑫期货","2","0","东航期货","2","0"
"合计","","0","0","","2","0","","2","0"
"合约：LR001     日期：2019-11-18","","","","","","","","",""
"名次","会员简称","成交量（手）","增减量","会员简称","持买仓量","增减量","会员简称","持卖仓量","增减量"
"1","-","-","-","中辉期货","1","0","天风期货","1","0"
"合计","","0","0","","1","0","","1","0"
"合约：MA001     日期：2019-11-18","","","","","","","","",""
"名次","会员简称","成交量（手）","增减量","会员简称","持买仓量","增减量","会员简称","持卖仓量","增减量"
"1","东证期货","230,428","-35,471","东证期货","71,092","-16,185","永安期货","156,353","-2,953"
"2","华泰期货","95,027","-20,010","华泰期货","35,055","8,027","东证期货","66,610","-11,119"
"3","国泰君安","60,974","-25,614","华安期货","27,751","1,522","华泰期货","56,709","2,450"
"4","海通期货","56,239","-26,753","国泰君安","27,225","616","中信期货","47,400","-6,685"
"5","中信期货","55,395","-22,347","中信期货","25,180","-6,516","一德期货","36,817","9,268"
"6","光大期货","55,236","-19,503","永安期货","24,363","1,025","海通期货","36,419","-4,464"
"7","新湖期货","47,991","-41,375","徽商期货","24,333","-201","国投安信期货","28,076","-2,174"
"8","东方财富","46,850","-35,928","东方财富","22,059","179","国泰君安","26,687","-1,908"
"9","永安期货","44,702","-1,628","银河期货","20,795","-825","银河期货","23,064","1,079"
"10","徽商期货","42,585","-31,311","海通期货","20,620","-6,199","中粮期货","20,411","-87"
"11","中辉期货","41,790","-10,002","新湖期货","18,655","-12,155","兴证期货","15,963","830"
"12","东吴期货","38,683","-9,252","方正中期","18,259","-181","新湖期货","15,193","-12,148"
"13","华安期货","33,842","-16,427","国投安信期货","18,024","-515","混沌天成期货","14,522","114"
"14","国贸期货","32,565","-4,308","光大期货","18,013","-12,417","东吴期货","13,967","-1,917"
"15","上海大陆","29,689","-3,124","广发期货","17,848","-219","中财期货","13,184","1,351"
"16","申银万国","28,609","-12,870","中信建投","16,627","100","方正中期","12,830","2,039"
"17","方正中期","26,742","-17,325","申银万国","16,319","125","东方财富","12,369","361"
"18","安粮期货","25,269","-1,927","新纪元期货","15,686","518","国富期货","11,591","-354"
"19","一德期货","25,023","-24,163","中辉期货","15,581","-661","国贸期货","11,037","243"
"20","华闻期货","23,673","-6,732","国贸期货","14,368","-290","东海期货","10,958","-3,430"
"合计","","1,041,312","-366,070","","467,853","-44,252","","630,160","-29,504"
"合约：MA003     日期：2019-11-18","","","","","","","","",""
"名次","会员简称","成交量（手）","增减量","会员简称","持买仓量","增减量","会员简称","持卖仓量","增减量"
"1","中粮期货","6,450","-799","东证期货","4,573","-305","东证期货","4,562","-311"
"2","东证期货","1,780","-2,177","创元期货","2,004","1","创元期货","2,005","2"
"3","新湖期货","970","180","中原期货","1,411","-2","中原期货","1,404","-2"
"4","锦泰期货","923","-279","锦泰期货","1,363","383","锦泰期货","1,335","382"
"5","浙商期货","869","-86","中粮期货","1,280","670","中粮期货","1,208","658"
"6","恒泰期货","832","-1,817","恒泰期货","1,064","-43","恒泰期货","1,063","-47"
"7","东吴期货","606","-16","上海中期","1,005","0","上海中期","1,000","0"
"8","大有期货","553","-299","国投安信期货","814","-10","国投安信期货","813","-1"
"9","东海期货","491","244","兴证期货","704","0","申银万国","752","45"
"10","国投安信期货","441","-296","申银万国","675","45","兴证期货","700","0"
"11","永安期货","440","123","中大期货","615","0","浙商期货","532","192"
"12","冠通期货","387","-485","光大期货","551","-71","信达期货","510","0"
"13","方正中期","350","-405","方正中期","509","99","光大期货","439","-72"
"14","国联期货","338","-142","中信期货","437","-4","大有期货","412","0"
"15","大地期货","335","-415","大有期货","409","-1","中信期货","405","-7"
"16","中原期货","320","197","大地期货","359","-2","永安期货","404","0"
"17","宏源期货","318","-332","浙商期货","359","-1","大地期货","352","-3"
"18","首创期货","258","247","东吴期货","269","-2","方正中期","350","-3"
"19","光大期货","143","-122","国都期货","240","0","中大期货","350","0"
"20","中信期货","133","-79","新湖期货","236","-65","新湖期货","304","-75"
"合计","","16,937","-6,758","","18,877","692","","18,900","758"
"合约：MA005     日期：2019-11-18","","","","","","","","",""
"名次","会员简称","成交量（手）","增减量","会员简称","持买仓量","增减量","会员简称","持卖仓量","增减量"
"1","东吴期货","7,775","-1,191","永安期货","15,194","-2,265","国泰君安","10,969","2,287"
"2","东证期货","7,584","-4,352","一德期货","8,451","147","浙商期货","9,457","52"
"3","新湖期货","7,090","570","鲁证期货","7,715","293","永安期货","8,983","106"
"4","东海期货","6,957","1,073","东证期货","6,227","423","国投安信期货","8,546","-160"
"5","华泰期货","6,548","-3,212","国投安信期货","5,977","-2","中信期货","8,369","33"
"6","国泰君安","5,084","-6,924","广发期货","5,371","105","华联期货","6,954","-3"
"7","永安期货","4,521","-551","申银万国","5,089","302","华泰期货","6,403","-507"
"8","徽商期货","4,482","-412","东海期货","4,849","-2,619","方正中期","5,450","528"
"9","方正中期","2,950","160","中信期货","4,660","56","银河期货","5,320","138"
"10","华安期货","2,899","-1,607","光大期货","4,587","297","招商期货","5,315","-73"
"11","光大期货","2,518","-2,051","安粮期货","4,304","123","弘业期货","4,898","-18"
"12","山西三立","2,044","-1,377","徽商期货","3,909","127","信达期货","4,709","41"
"13","一德期货","1,829","-7,007","华泰期货","3,648","-229","东证期货","4,682","279"
"14","申银万国","1,821","62","国泰君安","3,632","-257","前海期货","4,669","0"
"15","平安期货","1,747","-1,046","平安期货","3,567","-217","一德期货","4,514","708"
"16","弘业期货","1,723","-365","银河期货","3,448","-75","东海期货","4,412","-1,558"
"17","中财期货","1,618","387","方正中期","3,354","116","新湖期货","4,269","645"
"18","东方财富","1,592","-1,328","华安期货","3,213","518","东吴期货","4,096","24"
"19","海通期货","1,572","299","中粮期货","3,078","223","五矿经易期货","4,034","-212"
"20","冠通期货","1,363","-1,042","弘业期货","3,047","279","安粮期货","3,394","19"
"合计","","73,717","-29,914","","103,320","-2,655","","119,443","2,329"
"合约：MA912     日期：2019-11-18","","","","","","","","",""
"名次","会员简称","成交量（手）","增减量","会员简称","持买仓量","增减量","会员简称","持卖仓量","增减量"
"1","申银万国","6","6","弘业期货","400","0","弘业期货","400","0"
"2","德盛期货","5","4","中信期货","8","0","浙商期货","20","0"
"3","东证期货","1","1","中大期货","5","0","国海良时","2","0"
"4","-","-","-","国贸期货","3","0","-","-","-"
"5","-","-","-","华信期货","2","0","-","-","-"
"6","-","-","-","东证期货","2","-1","-","-","-"
"7","-","-","-","混沌天成期货","1","0","-","-","-"
"8","-","-","-","德盛期货","1","1","-","-","-"
"合计","","12","11","","422","0","","422","0"
"合约：OI001     日期：2019-11-18","","","","","","","","",""
"名次","会员简称","成交量（手）","增减量","会员简称","持买仓量","增减量","会员简称","持卖仓量","增减量"
"1","东证期货","36,811","-6,067","东证期货","5,618","91","中粮期货","17,631","425"
"2","新湖期货","23,570","6,777","建信期货","5,279","59","国投安信期货","12,360","-3,864"
"3","海通期货","13,476","1,990","一德期货","4,817","-1,119","中信期货","8,417","477"
"4","华西期货","11,708","514","中信期货","4,815","-126","安粮期货","7,238","-123"
"5","中信期货","10,445","148","华泰期货","4,626","199","东证期货","5,409","8"
"6","华泰期货","9,923","534","中信建投","4,577","161","摩根大通","5,113","311"
"7","光大期货","9,823","619","永安期货","4,144","118","中国国际","4,285","-398"
"8","东吴期货","7,105","2,622","兴证期货","4,055","398","信达期货","4,267","-210"
"9","国投安信期货","6,517","3,970","申银万国","4,011","-1,261","中信建投","4,110","11"
"10","华安期货","6,362","526","南华期货","3,820","-1,098","上海中期","3,965","648"
"11","徽商期货","6,102","906","国富期货","3,634","-3,322","光大期货","3,373","365"
"12","国富期货","5,791","3,440","中融汇信","3,245","-17","兴证期货","3,258","-442"
"13","兴证期货","5,670","2,593","银河期货","3,198","238","首创期货","2,936","-46"
"14","平安期货","5,146","3,632","华安期货","3,110","-460","华泰期货","2,410","222"
"15","上海中期","4,934","489","华闻期货","2,899","4","渤海期货","1,880","471"
"16","东方财富","4,670","1,200","中金期货","2,542","68","先锋期货","1,782","-95"
"17","国金期货","4,427","1,909","海通期货","2,432","719","新湖期货","1,350","151"
"18","南华期货","3,568","2,606","摩根大通","2,427","0","西部期货","1,099","-50"
"19","中辉期货","3,277","1,029","西部期货","2,383","-639","方正中期","1,085","308"
"20","一德期货","3,246","1,188","光大期货","2,266","-118","东方财富","1,042","428"
"合计","","182,571","30,625","","73,898","-6,105","","93,010","-1,403"
"合约：OI005     日期：2019-11-18","","","","","","","","",""
"名次","会员简称","成交量（手）","增减量","会员简称","持买仓量","增减量","会员简称","持卖仓量","增减量"
"1","东证期货","6,065","699","华泰期货","2,637","-196","中粮期货","9,576","-81"
"2","华泰期货","4,342","1,041","永安期货","2,624","-343","中信期货","2,990","418"
"3","上海中期","3,813","1,191","中粮期货","2,506","620","华泰期货","2,831","-136"
"4","国金期货","3,598","1,409","西部期货","2,070","-2","兴证期货","2,588","-197"
"5","新湖期货","2,840","482","银河期货","2,010","31","上海中期","1,964","-591"
"6","永安期货","2,465","1,981","国泰君安","1,940","-8","摩根大通","1,818","0"
"7","中信期货","2,045","-1,330","国富期货","1,845","68","申银万国","1,308","147"
"8","国元期货","1,560","19","申银万国","1,560","64","光大期货","1,244","-92"
"9","兴证期货","1,539","884","建信期货","1,385","1,006","新湖期货","1,155","0"
"10","金瑞期货","1,280","229","中信期货","1,151","253","徽商期货","1,093","0"
"11","光大期货","1,229","-550","一德期货","1,143","-18","首创京都期货","1,038","0"
"12","渤海期货","1,178","1,169","方正中期","1,080","735","先锋期货","825","-2"
"13","方正中期","1,156","639","长安期货","1,040","7","浙商期货","822","328"
"14","建信期货","1,144","1,065","中财期货","866","1","美尔雅","783","247"
"15","国投安信期货","1,053","589","弘业期货","839","-20","中原期货","770","-8"
"16","徽商期货","1,032","-53","中原期货","807","4","兴业期货","751","-46"
"17","中辉期货","904","453","光大期货","725","47","方正中期","445","-13"
"18","申银万国","891","-503","上海中期","688","-312","安粮期货","430","252"
"19","中粮期货","861","799","海证期货","499","55","国联期货","427","8"
"20","浙商期货","846","753","宏源期货","490","170","西部期货","403","0"
"合计","","39,841","10,966","","27,905","2,162","","33,261","234"
"合约：RM001     日期：2019-11-18","","","","","","","","",""
"名次","会员简称","成交量（手）","增减量","会员简称","持买仓量","增减量","会员简称","持卖仓量","增减量"
"1","东证期货","95,940","-51,786","永安期货","17,259","-1,421","中粮期货","17,019","12"
"2","新湖期货","66,146","-9,348","广发期货","8,169","-31","中信期货","16,190","-1,098"
"3","华泰期货","62,690","-2,566","申银万国","7,148","-57","广发期货","7,942","-291"
"4","华西期货","44,930","2,520","中信期货","7,067","-294","光大期货","7,650","839"
"5","兴证期货","36,508","-1,127","徽商期货","4,727","-370","海通期货","6,762","52"
"6","海通期货","36,254","1,502","海通期货","4,690","-810","东证期货","5,687","738"
"7","光大期货","33,019","-5,376","方正中期","4,081","582","国泰君安","5,658","289"
"8","徽商期货","27,620","160","上海中期","4,077","55","兴证期货","5,418","-663"
"9","中信期货","26,684","904","东兴期货","3,841","33","宏源期货","5,368","-622"
"10","华安期货","19,605","-787","华安期货","3,794","-1,171","华泰期货","5,304","675"
"11","东方财富","18,937","3,593","国投安信期货","3,668","143","鲁证期货","3,987","268"
"12","国泰君安","17,900","1,132","东证期货","3,591","-326","永安期货","3,019","-1,065"
"13","东吴期货","17,521","3,458","国泰君安","3,343","-107","摩根大通","2,826","400"
"14","中信建投","12,578","3,079","华泰期货","3,141","-1,013","中国国际","2,690","-800"
"15","永安期货","11,522","4,156","宏源期货","3,017","315","一德期货","2,668","1"
"16","冠通期货","10,497","1,893","长江期货","2,963","-675","东吴期货","2,644","2,082"
"17","广发期货","10,462","-6,370","南华期货","2,948","164","新湖期货","2,571","-1,235"
"18","宏源期货","9,497","1,653","海证期货","2,914","-176","东兴期货","2,506","148"
"19","方正中期","9,270","2,034","中粮期货","2,842","458","银河期货","2,499","-104"
"20","长江期货","9,121","427","鲁证期货","2,807","83","国投安信期货","2,454","242"
"合计","","576,701","-50,849","","96,087","-4,618","","110,862","-132"
"合约：RM005     日期：2019-11-18","","","","","","","","",""
"名次","会员简称","成交量（手）","增减量","会员简称","持买仓量","增减量","会员简称","持卖仓量","增减量"
"1","东证期货","12,546","-8,243","安粮期货","8,958","88","中粮期货","23,008","159"
"2","华泰期货","9,901","-4,021","国投安信期货","7,384","42","中信期货","11,095","540"
"3","华西期货","6,602","-1,768","大地期货","6,241","12","永安期货","9,802","652"
"4","光大期货","6,552","-1,543","华泰期货","5,741","126","申银万国","7,512","-110"
"5","新湖期货","6,512","-164","南华期货","5,437","305","华泰期货","6,519","435"
"6","冠通期货","6,125","1,820","中粮期货","4,500","-179","国投安信期货","5,845","205"
"7","锦泰期货","4,841","905","美尔雅","3,360","129","光大期货","4,452","46"
"8","华安期货","4,583","1,728","东证期货","3,357","21","国泰君安","4,211","-17"
"9","徽商期货","4,337","-101","永安期货","2,905","5","东兴期货","3,702","-2"
"10","国元期货","3,968","935","国富期货","2,897","69","中金期货","3,356","878"
"11","平安期货","3,789","786","长江期货","2,524","-6","天风期货","2,838","10"
"12","中信期货","3,726","-5","方正中期","2,335","-46","中国国际","2,663","-17"
"13","海通期货","3,292","-617","国泰君安","2,262","-375","首创期货","2,392","-9"
"14","国泰君安","3,240","-66","浙商期货","2,188","26","兴证期货","2,336","-171"
"15","广发期货","3,218","-5,948","徽商期货","2,172","391","摩根大通","1,944","0"
"16","美尔雅","2,474","-294","广发期货","2,109","-216","上海中期","1,905","-9"
"17","国投安信期货","2,281","-3,546","宏源期货","2,104","-110","宏源期货","1,533","-344"
"18","宏源期货","2,278","-314","弘业期货","1,948","22","方正中期","1,517","233"
"19","东航期货","2,219","16","中辉期货","1,800","274","国信期货","1,398","-27"
"20","安粮期货","2,090","-1,224","海证期货","1,603","80","信达期货","1,308","1,274"
"合计","","94,574","-21,664","","71,825","658","","99,336","3,726"
"合约：RM009     日期：2019-11-18","","","","","","","","",""
"名次","会员简称","成交量（手）","增减量","会员简称","持买仓量","增减量","会员简称","持卖仓量","增减量"
"1","国元期货","3,691","1,541","徽商期货","2,301","-3","华泰期货","1,641","-13"
"2","华安期货","1,415","853","华安期货","1,777","-316","中衍期货","1,602","1"
"3","倍特期货","636","63","中衍期货","1,666","-25","南华期货","930","-7"
"4","安粮期货","620","560","安粮期货","681","566","瑞达期货","851","-298"
"5","长城期货","543","372","中信期货","633","40","国投安信期货","697","0"
"6","徽商期货","495","136","华泰期货","571","2","中辉期货","676","6"
"7","东航期货","486","-74","宏源期货","548","61","美尔雅","648","-15"
"8","中投天琪","472","-241","金石期货","505","2","东证期货","640","0"
"9","瑞达期货","317","206","东吴期货","444","-6","新湖期货","587","176"
"10","广发期货","267","232","第一创业","438","-79","国富期货","583","-22"
"11","国金期货","254","-120","新湖期货","414","-7","弘业期货","541","-1"
"12","锦泰期货","227","80","中国国际","372","4","东吴期货","403","13"
"13","中信期货","205","73","浙商期货","369","-70","海证期货","374","4"
"14","国投安信期货","201","31","永安期货","367","-7","长江期货","365","-35"
"15","中电投先融","199","180","东航期货","363","-15","华鑫期货","338","0"
"16","招金期货","191","-75","上海大陆","301","-49","广州金控","324","-9"
"17","新湖期货","185","158","申银万国","289","12","国泰君安","310","0"
"18","浙商期货","184","20","银河期货","219","57","广发期货","302","-78"
"19","海证期货","181","-277","大越期货","189","-5","长城期货","273","273"
"20","中国国际","173","-189","弘业期货","185","53","倍特期货","252","0"
"合计","","10,942","3,529","","12,632","215","","12,337","-5"
"合约：RS007     日期：2019-11-18","","","","","","","","",""
"名次","会员简称","成交量（手）","增减量","会员简称","持买仓量","增减量","会员简称","持卖仓量","增减量"
"1","美尔雅","3","1","鲁证期货","3","0","中信建投","3","0"
"2","国元期货","2","2","招商期货","1","1","银河期货","1","0"
"3","招商期货","1","1","徽商期货","1","0","海通期货","1","-1"
"4","海通期货","1","1","光大期货","1","0","东证期货","1","0"
"5","国都期货","1","0","-","-","-","-","-","-"
"合计","","8","5","","6","1","","6","-1"
"合约：SF001     日期：2019-11-18","","","","","","","","",""
"名次","会员简称","成交量（手）","增减量","会员简称","持买仓量","增减量","会员简称","持卖仓量","增减量"
"1","中信期货","9,839","4,274","国投安信期货","9,766","-1,789","摩根大通","5,545","-545"
"2","新湖期货","8,245","4,584","中信期货","5,435","-2,184","中信期货","4,124","-781"
"3","东证期货","6,280","2,709","弘业期货","4,394","-2,312","国投安信期货","3,686","281"
"4","弘业期货","4,262","1,781","华信期货","4,063","-13","东证期货","2,991","-926"
"5","浙商期货","4,117","3,611","国泰君安","2,026","240","兴业期货","2,778","2,399"
"6","国投安信期货","3,500","2,061","光大期货","1,954","-255","银河期货","2,741","-220"
"7","兴证期货","3,479","2,035","兴证期货","1,565","443","永安期货","2,415","60"
"8","东吴期货","2,960","1,460","东吴期货","1,422","1,204","弘业期货","1,983","96"
"9","华泰期货","2,903","1,376","海通期货","1,343","283","国泰君安","1,944","-483"
"10","兴业期货","2,668","2,414","东证期货","1,334","14","华泰期货","1,857","-950"
"11","海通期货","2,459","441","华泰期货","1,207","-11","兴证期货","1,453","-1,248"
"12","光大期货","2,386","1,820","宏源期货","1,190","693","南华期货","1,349","44"
"13","南华期货","2,261","1,542","广发期货","1,185","-90","一德期货","1,313","721"
"14","申银万国","2,172","-126","上海中期","1,103","311","方正中期","1,301","-546"
"15","宏源期货","2,118","1,527","南华期货","1,078","135","中金期货","1,234","-8"
"16","国泰君安","2,115","748","国联期货","960","-928","国信期货","1,217","-380"
"17","徽商期货","2,109","1,090","格林大华期货","914","-397","中信建投","1,186","-78"
"18","国联期货","1,642","1,409","神华期货","870","-446","国富期货","909","-57"
"19","永安期货","1,612","-335","天风期货","829","-471","中财期货","878","-120"
"20","方正中期","1,502","714","华安期货","699","80","宏源期货","829","-1,039"
"合计","","68,629","35,135","","43,337","-5,493","","41,733","-3,780"
"合约：SF005     日期：2019-11-18","","","","","","","","",""
"名次","会员简称","成交量（手）","增减量","会员简称","持买仓量","增减量","会员简称","持卖仓量","增减量"
"1","一德期货","559","472","国投安信期货","1,912","-52","中信期货","1,783","196"
"2","中信期货","437","121","中信期货","1,617","-197","国投安信期货","1,490","35"
"3","东吴期货","405","178","华泰期货","1,116","-1","华泰期货","1,172","-18"
"4","新湖期货","345","246","中原期货","896","0","中原期货","926","-9"
"5","永安期货","296","257","申银万国","816","275","申银万国","450","10"
"6","申银万国","293","110","一德期货","448","339","徽商期货","433","-14"
"7","五矿经易期货","171","169","华信期货","394","-88","弘业期货","400","23"
"8","弘业期货","157","116","五矿经易期货","334","-150","东吴期货","354","6"
"9","中辉期货","148","90","东吴期货","261","45","华金期货","246","0"
"10","国联期货","143","143","浙商期货","259","61","中辉期货","196","-145"
"11","大有期货","134","129","弘业期货","255","-106","永安期货","180","92"
"12","恒泰期货","114","77","华金期货","216","0","华安期货","179","-8"
"13","国投安信期货","107","84","徽商期货","213","-1","方正中期","151","-2"
"14","华信期货","104","94","永安期货","178","-6","长城期货","130","0"
"15","华泰期货","95","-21","广发期货","171","-48","东航期货","120","-34"
"16","银河期货","87","27","天风期货","100","0","德盛期货","105","4"
"17","上海大陆","84","27","宏源期货","97","15","兴证期货","105","-66"
"18","先锋期货","77","42","银河期货","82","2","先锋期货","89","73"
"19","浙商期货","76","36","南华期货","52","16","新晟期货","86","2"
"20","兴证期货","72","40","中信建投","48","0","国贸期货","85","0"
"合计","","3,904","2,437","","9,465","104","","8,680","145"
"合约：SF912     日期：2019-11-18","","","","","","","","",""
"名次","会员简称","成交量（手）","增减量","会员简称","持买仓量","增减量","会员简称","持卖仓量","增减量"
"1","-","-","-","光大期货","500","0","光大期货","500","0"
"2","-","-","-","德盛期货","2","0","中原期货","3","0"
"3","-","-","-","华安期货","1","0","-","-","-"
"合计","","0","0","","503","0","","503","0"
"合约：SM001     日期：2019-11-18","","","","","","","","",""
"名次","会员简称","成交量（手）","增减量","会员简称","持买仓量","增减量","会员简称","持卖仓量","增减量"
"1","东证期货","18,838","3,883","中信期货","11,607","-1,309","中信期货","16,474","1,030"
"2","中信期货","18,639","6,091","国投安信期货","8,091","-844","永安期货","9,068","-205"
"3","新湖期货","8,507","274","上海中期","7,642","-1,372","摩根大通","5,223","-598"
"4","徽商期货","8,304","3,177","银河期货","5,844","-887","国投安信期货","4,787","-173"
"5","华泰期货","5,473","2,482","华泰期货","4,490","1,078","宁证期货","4,341","62"
"6","浙商期货","5,072","3,772","弘业期货","4,477","-86","银河期货","4,270","-205"
"7","国泰君安","5,067","1,738","东证期货","2,832","274","上海中期","4,143","-154"
"8","银河期货","4,974","3,188","一德期货","2,809","-366","五矿经易期货","4,093","718"
"9","东吴期货","4,909","1,092","永安期货","2,367","-1,302","弘业期货","3,990","-103"
"10","永安期货","4,807","1,670","五矿经易期货","2,295","-76","国泰君安","3,420","-172"
"11","国投安信期货","4,461","2,768","国泰君安","2,002","143","兴证期货","2,943","-1,138"
"12","华安期货","4,344","743","中信建投","1,944","-378","上海大陆","2,663","697"
"13","方正中期","4,318","2,495","方正中期","1,906","-585","方正中期","2,569","-493"
"14","兴证期货","4,197","1,009","申银万国","1,595","-246","中电投先融","2,418","998"
"15","上海大陆","3,944","2,342","中财期货","1,525","-10","东证期货","2,008","-260"
"16","东方财富","3,918","1,562","中钢期货","1,446","313","华泰期货","1,792","-353"
"17","海通期货","3,854","1,194","宏源期货","1,417","86","长安期货","1,548","-717"
"18","上海中期","3,560","1,825","东海期货","1,380","-7","宏源期货","1,330","-54"
"19","弘业期货","2,917","1,235","瑞达期货","1,260","-1","中金期货","1,314","111"
"20","宏源期货","2,714","-92","美尔雅","1,250","-98","南华期货","1,050","-92"
"合计","","122,817","42,448","","68,179","-5,673","","79,444","-1,101"
"合约：SM005     日期：2019-11-18","","","","","","","","",""
"名次","会员简称","成交量（手）","增减量","会员简称","持买仓量","增减量","会员简称","持卖仓量","增减量"
"1","东吴期货","1,421","614","中信期货","4,530","14","中信期货","2,588","112"
"2","申银万国","1,107","806","国投安信期货","3,136","-485","国投安信期货","2,540","-64"
"3","新湖期货","1,104","284","弘业期货","1,712","-11","宁证期货","2,025","-60"
"4","徽商期货","814","482","光大期货","953","5","华泰期货","1,997","-24"
"5","国投安信期货","793","-25","中财期货","929","0","弘业期货","1,837","197"
"6","东证期货","718","101","宏源期货","649","-42","五矿经易期货","1,168","69"
"7","弘业期货","662","198","中信建投","614","-20","浙商期货","1,154","-160"
"8","中信期货","608","362","银河期货","581","-7","东海期货","1,090","-15"
"9","东海期货","559","370","中大期货","575","87","国海良时","1,083","-3"
"10","方正中期","522","361","徽商期货","540","-184","美尔雅","921","0"
"11","长安期货","510","503","方正中期","525","-42","华金期货","850","0"
"12","国泰君安","473","373","上海大陆","516","-3","方正中期","674","-328"
"13","华泰期货","470","34","华安期货","487","-80","申银万国","559","-345"
"14","华安期货","443","6","东吴期货","324","-3","长安期货","500","493"
"15","上海大陆","439","42","申银万国","320","-144","中财期货","466","-16"
"16","一德期货","413","84","永安期货","308","-60","一德期货","465","-266"
"17","五矿经易期货","392","-399","安粮期货","306","24","广州期货","301","0"
"18","宁证期货","350","219","上海中期","302","201","建信期货","292","-63"
"19","上海中期","343","202","华信期货","294","21","南华期货","268","-41"
"20","建信期货","339","284","中衍期货","244","-4","国泰君安","242","-7"
"合计","","12,480","4,901","","17,845","-733","","21,020","-521"
"合约：SM912     日期：2019-11-18","","","","","","","","",""
"名次","会员简称","成交量（手）","增减量","会员简称","持买仓量","增减量","会员简称","持卖仓量","增减量"
"1","-","-","-","申银万国","1","0","招金期货","1","0"
"合计","","0","0","","1","0","","1","0"
"合约：SR001     日期：2019-11-18","","","","","","","","",""
"名次","会员简称","成交量（手）","增减量","会员简称","持买仓量","增减量","会员简称","持卖仓量","增减量"
"1","海通期货","56,299","-34,115","中信期货","15,090","81","中粮期货","23,066","-314"
"2","华泰期货","32,138","-10,398","中粮期货","14,902","-512","光大期货","17,589","112"
"3","东证期货","27,948","-12,578","华泰期货","12,854","-139","创元期货","12,862","17"
"4","中信期货","18,178","-7,250","浙商期货","11,864","104","财达期货","11,392","5"
"5","徽商期货","16,062","-1,327","永安期货","10,208","-2,818","华金期货","11,231","38"
"6","华安期货","15,212","-2,160","东证期货","9,279","26","鲁证期货","11,007","-2"
"7","光大期货","12,278","-6,172","东兴期货","8,034","24","华泰期货","10,512","19"
"8","广发期货","11,676","-5,848","国泰君安","7,248","42","建信期货","9,169","60"
"9","新湖期货","11,227","-2,922","海通期货","7,167","71","东证期货","8,692","16"
"10","宏源期货","9,574","492","兴证期货","7,077","1,359","中信期货","7,493","443"
"11","东方财富","8,809","-2,728","德盛期货","6,309","-60","金瑞期货","6,974","107"
"12","海证期货","8,199","-788","宏源期货","6,244","26","银河期货","5,845","-80"
"13","上海大陆","7,205","2,895","广发期货","5,312","-137","华安期货","5,743","-481"
"14","方正中期","7,095","-4,331","海证期货","4,786","-150","国泰君安","5,643","321"
"15","国贸期货","6,926","-2,260","方正中期","4,525","-1,129","国投安信期货","5,032","-539"
"16","东吴期货","6,797","-4,844","国投安信期货","4,103","-141","东兴期货","4,982","-73"
"17","鲁证期货","6,675","-4,042","光大期货","4,048","-102","宏源期货","4,840","-938"
"18","国泰君安","6,629","-3,466","华信期货","3,515","-44","英大期货","4,397","-88"
"19","银河期货","5,456","-1,117","华联期货","3,469","-52","海通期货","4,110","-1,016"
"20","永安期货","5,242","583","一德期货","3,287","-19","中信建投","3,758","-190"
"合计","","279,625","-102,376","","149,321","-3,570","","174,337","-2,583"
"合约：SR003     日期：2019-11-18","","","","","","","","",""
"名次","会员简称","成交量（手）","增减量","会员简称","持买仓量","增减量","会员简称","持卖仓量","增减量"
"1","广发期货","5,572","-4,737","东证期货","4,122","82","东证期货","4,130","83"
"2","南华期货","3,348","-587","招商期货","3,114","13","招商期货","3,003","0"
"3","中粮期货","2,907","-1,051","兴证期货","2,500","0","兴证期货","2,500","0"
"4","鲁证期货","1,908","-440","南华期货","1,417","-258","南华期货","1,411","-258"
"5","浙商期货","1,365","-768","中信期货","1,006","0","国投安信期货","1,002","-2"
"6","新湖期货","1,206","-518","国投安信期货","1,002","-2","中信期货","999","-6"
"7","国投安信期货","1,170","-180","中粮期货","753","342","中粮期货","789","339"
"8","银河期货","1,026","-105","银河期货","694","13","银河期货","684","-23"
"9","招商期货","783","-631","海通期货","503","1","海通期货","506","-1"
"10","建信期货","782","342","鲁证期货","448","1","鲁证期货","439","1"
"11","中信期货","720","-421","永安期货","429","0","永安期货","416","0"
"12","海通期货","534","-354","浙商期货","371","12","浙商期货","340","5"
"13","锦泰期货","526","-324","锦泰期货","356","76","锦泰期货","247","0"
"14","中信建投","451","-593","中信建投","256","0","广发期货","165","104"
"15","宏源期货","191","-309","冠通期货","150","0","东海期货","154","154"
"16","永安期货","178","-459","广发期货","122","40","冠通期货","150","0"
"17","东证期货","169","-585","海证期货","101","0","中大期货","142","-25"
"18","东海期货","154","150","中原期货","100","0","华金期货","132","0"
"19","国联期货","128","-11","申银万国","98","0","首创期货","131","0"
"20","国金期货","110","-112","中国国际","62","0","中原期货","100","0"
"合计","","23,228","-11,693","","17,604","320","","17,440","371"
"合约：SR005     日期：2019-11-18","","","","","","","","",""
"名次","会员简称","成交量（手）","增减量","会员简称","持买仓量","增减量","会员简称","持卖仓量","增减量"
"1","海通期货","8,948","-2,743","一德期货","12,907","0","中粮期货","40,943","-455"
"2","华泰期货","7,211","-1,997","宏源期货","11,818","125","光大期货","14,822","60"
"3","民生期货","2,708","-118","中粮期货","8,643","-7","华泰期货","12,110","-10"
"4","光大期货","2,501","-789","东兴期货","7,633","-78","中州期货","5,019","0"
"5","银河期货","2,123","-160","渤海期货","6,220","7","中信期货","4,867","68"
"6","东证期货","2,038","-1,633","中信期货","5,635","-13","中投天琪","4,856","-9"
"7","华安期货","1,939","-1,059","大地期货","5,513","74","东海期货","4,709","-1"
"8","宏源期货","1,697","-1,442","银河期货","5,364","-109","永安期货","4,583","109"
"9","中信期货","1,623","-1,096","永安期货","4,432","-105","宏源期货","4,357","58"
"10","东海期货","1,588","-723","华信期货","4,375","-31","五矿经易期货","3,610","-316"
"11","徽商期货","1,528","-305","浙商期货","4,285","155","国投安信期货","3,048","42"
"12","国金期货","1,392","-751","混沌天成期货","3,623","-19","华金期货","2,837","-6"
"13","浙商期货","1,327","257","光大期货","3,361","-159","东方财富","2,767","-12"
"14","华西期货","1,284","-366","华泰期货","3,268","185","徽商期货","2,548","-7"
"15","新湖期货","1,093","-1,727","建信期货","3,209","0","浙商期货","2,308","368"
"16","五矿经易期货","1,019","-28","广发期货","3,090","18","海证期货","2,219","156"
"17","中粮期货","1,000","-358","国泰君安","2,969","21","华信期货","2,037","0"
"18","永安期货","852","-1,359","东证期货","2,425","-33","申银万国","1,969","57"
"19","安粮期货","809","75","申银万国","2,316","52","创元期货","1,897","130"
"20","创元期货","739","67","民生期货","2,298","20","首创期货","1,833","40"
"合计","","43,419","-16,255","","103,384","103","","123,339","272"
"合约：SR009     日期：2019-11-18","","","","","","","","",""
"名次","会员简称","成交量（手）","增减量","会员简称","持买仓量","增减量","会员简称","持卖仓量","增减量"
"1","银河期货","699","-134","中粮期货","6,072","166","渤海期货","7,114","0"
"2","浙商期货","509","319","光大期货","5,334","21","中粮期货","6,390","315"
"3","中粮期货","489","179","华金期货","3,197","200","德盛期货","5,943","0"
"4","弘业期货","468","235","华泰期货","2,190","-12","东兴期货","5,187","-1"
"5","东海期货","282","255","弘业期货","1,485","-8","浙商期货","1,650","352"
"6","华金期货","270","155","宏源期货","1,363","29","国泰君安","1,530","-1"
"7","一德期货","268","134","东兴期货","1,173","26","五矿经易期货","1,304","0"
"8","东吴期货","238","-96","国贸期货","1,054","30","恒泰期货","459","-29"
"9","民生期货","227","217","银河期货","991","59","永安期货","437","-8"
"10","冠通期货","222","-88","中天期货","808","0","国投安信期货","389","0"
"11","上海大陆","189","95","福能期货","693","-3","宏源期货","382","-1"
"12","国金期货","185","-125","华信期货","683","1","华安期货","348","-1"
"13","宏源期货","114","-507","南华期货","582","-2","大地期货","346","50"
"14","中投天琪","109","108","中信建投","557","32","光大期货","312","0"
"15","倍特期货","83","-51","上海大陆","515","-1","南华期货","303","2"
"16","大有期货","81","40","海证期货","492","0","冠通期货","291","-10"
"17","安粮期货","79","-1","瑞达期货","487","1","中信期货","268","0"
"18","华安期货","79","35","民生期货","397","219","东海期货","261","251"
"19","恒泰期货","73","-7","国投安信期货","340","-4","中投天琪","259","107"
"20","大地期货","69","-22","海通期货","333","7","混沌天成期货","250","30"
"合计","","4,733","741","","28,746","761","","33,423","1,056"
"合约：TA001     日期：2019-11-18","","","","","","","","",""
"名次","会员简称","成交量（手）","增减量","会员简称","持买仓量","增减量","会员简称","持卖仓量","增减量"
"1","东证期货","132,869","-37,893","华泰期货","36,742","-1,737","中信期货","52,061","-1,710"
"2","华泰期货","50,514","5,745","银河期货","29,123","1,464","永安期货","51,098","-19,630"
"3","永安期货","49,938","20,300","海通期货","28,524","3,373","华泰期货","37,158","-13,977"
"4","海通期货","38,895","-9,858","中信期货","26,582","-1,107","南华期货","32,133","-696"
"5","中信期货","38,515","-91","东证期货","26,547","-5","通惠期货","30,966","57"
"6","徽商期货","36,253","-110","南华期货","22,708","-1,372","华安期货","24,946","689"
"7","新湖期货","32,335","-6,573","永安期货","20,678","-8,532","兴业期货","24,016","358"
"8","广发期货","32,009","-4,848","广发期货","20,175","-1,628","宝城期货","23,554","-428"
"9","光大期货","30,590","-8,344","光大期货","19,096","-919","建信期货","19,699","268"
"10","华安期货","25,966","-11,632","国贸期货","17,936","-323","东吴期货","18,977","1,164"
"11","华闻期货","25,750","-8,909","上海中期","17,521","-3,336","国泰君安","16,505","-139"
"12","东吴期货","23,969","-895","方正中期","17,176","-303","宏源期货","15,917","30"
"13","申银万国","19,328","-11,151","长江期货","15,098","-1,145","银河期货","15,007","169"
"14","南华期货","19,112","-5,040","瑞达期货","14,953","-464","五矿经易期货","14,237","113"
"15","浙商期货","18,167","-3,641","徽商期货","14,098","-183","东证期货","14,076","-564"
"16","华西期货","16,624","-5,906","浙江新世纪","13,842","-1,731","浙商期货","12,911","-11"
"17","银河期货","16,021","449","中粮期货","13,432","146","华闻期货","12,355","-1,926"
"18","国泰君安","16,010","-2,764","中信建投","12,522","-450","国贸期货","12,126","404"
"19","方正中期","15,018","-2,627","中大期货","12,225","-811","中粮期货","11,814","-260"
"20","中电投先融","14,031","-687","国泰君安","11,952","-1,077","中州期货","11,197","-155"
"合计","","651,914","-94,475","","390,930","-20,140","","450,753","-36,244"
"合约：TA003     日期：2019-11-18","","","","","","","","",""
"名次","会员简称","成交量（手）","增减量","会员简称","持买仓量","增减量","会员简称","持卖仓量","增减量"
"1","广发期货","18,212","-3,764","华泰期货","8,668","-628","建信期货","10,408","0"
"2","五矿经易期货","7,062","-452","中原期货","6,552","10","宏源期货","8,710","1"
"3","南华期货","4,414","-472","中粮期货","6,302","5","东证期货","7,342","-188"
"4","上海中期","4,002","-3,208","广发期货","6,267","509","华泰期货","6,915","-500"
"5","海通期货","3,989","-1,331","光大期货","4,983","79","中原期货","6,787","350"
"6","锦泰期货","3,439","105","永安期货","4,655","-327","兴业期货","6,469","13"
"7","光大期货","2,821","589","东吴期货","4,471","-7","华安期货","6,100","-292"
"8","永安期货","2,695","-1,152","新湖期货","3,283","-32","光大期货","5,483","996"
"9","东吴期货","2,694","-2,244","中信期货","3,098","48","通惠期货","4,503","0"
"10","东海期货","2,681","-1,125","申银万国","2,905","507","先锋期货","4,495","43"
"11","申银万国","2,631","1,117","招商期货","2,878","6","上海中期","3,185","-112"
"12","东证期货","2,097","-1,035","南华期货","2,382","13","新湖期货","2,333","-9"
"13","华泰期货","1,728","-2,244","西南期货","1,959","-18","中国国际","1,846","14"
"14","中信期货","1,622","-817","迈科期货","1,865","12","东吴期货","1,726","-461"
"15","新湖期货","1,459","-364","国泰君安","1,725","0","东兴期货","1,550","0"
"16","方正中期","1,282","-477","方正中期","1,438","1","永安期货","984","174"
"17","华西期货","1,164","-873","锦泰期货","1,200","-26","中粮期货","980","0"
"18","中原期货","1,138","270","五矿经易期货","1,143","-10","五矿经易期货","913","-12"
"19","中信建投","914","-261","浙商期货","1,068","-35","中大期货","827","7"
"20","首创期货","906","246","金瑞期货","1,056","499","中信期货","724","-160"
"合计","","66,950","-17,492","","67,898","606","","82,280","-136"
"合约：TA005     日期：2019-11-18","","","","","","","","",""
"名次","会员简称","成交量（手）","增减量","会员简称","持买仓量","增减量","会员简称","持卖仓量","增减量"
"1","东证期货","13,084","-1,909","银河期货","13,860","79","银河期货","31,594","490"
"2","浙商期货","10,451","-1,789","永安期货","11,759","5,415","宏源期货","21,138","117"
"3","永安期货","9,654","4,025","广发期货","11,555","831","中信期货","14,962","-769"
"4","华泰期货","6,515","-1,404","西南期货","11,308","-540","永安期货","12,140","343"
"5","东海期货","6,267","-2,730","中信期货","8,147","-358","光大期货","9,208","109"
"6","东吴期货","5,651","-1,780","新湖期货","7,192","338","浙商期货","8,274","-549"
"7","弘业期货","4,746","3,734","申银万国","5,991","53","宝城期货","8,196","959"
"8","广发期货","4,198","963","福能期货","5,513","49","东海期货","7,902","1,339"
"9","天风期货","4,049","3,171","光大期货","5,339","69","天风期货","6,891","3,472"
"10","中信期货","3,931","-1,186","国泰君安","5,338","193","建信期货","6,738","1,088"
"11","首创期货","3,570","-208","长江期货","5,156","707","国富期货","6,368","-5"
"12","冠通期货","3,504","1,642","华泰期货","5,140","211","一德期货","6,062","749"
"13","国投安信期货","3,445","-1,287","宝城期货","5,003","216","华泰期货","5,099","-2,780"
"14","国联期货","3,245","3,054","方正中期","4,855","112","东证期货","4,961","-18"
"15","申银万国","3,206","1,992","东吴期货","4,763","-206","鲁证期货","4,733","-741"
"16","光大期货","2,870","-942","平安期货","4,714","-588","东吴期货","4,496","227"
"17","新湖期货","2,784","-1,048","南华期货","4,648","-53","西南期货","3,653","176"
"18","华安期货","2,661","336","徽商期货","4,632","-85","申银万国","3,621","-1,743"
"19","华西期货","2,567","-259","弘业期货","4,337","1,272","东航期货","3,320","-29"
"20","国泰君安","2,330","-769","东证期货","4,141","-912","中银国际","3,265","272"
"合计","","98,728","3,606","","133,391","6,803","","172,621","2,707"
"合约：TA007     日期：2019-11-18","","","","","","","","",""
"名次","会员简称","成交量（手）","增减量","会员简称","持买仓量","增减量","会员简称","持卖仓量","增减量"
"1","华泰期货","1,027","-1,509","华泰期货","6,418","-497","华泰期货","6,274","-498"
"2","锦泰期货","118","-20","东吴期货","1,247","-1","锦泰期货","1,782","-12"
"3","冠通期货","93","-31","国投安信期货","537","0","建信期货","1,517","0"
"4","国联期货","40","0","徽商期货","437","-1","兴业期货","1,426","0"
"5","平安期货","29","-6","锦泰期货","434","2","东吴期货","1,281","5"
"6","长江期货","20","19","中衍期货","405","1","宏源期货","669","0"
"7","铜冠金源","20","20","宏源期货","373","0","中衍期货","350","0"
"8","浙商期货","18","-89","浙商期货","344","8","冠通期货","159","-21"
"9","华安期货","14","-47","永安期货","287","0","先锋期货","130","0"
"10","徽商期货","13","-4","中信期货","282","-3","中投天琪","114","0"
"11","中信期货","11","0","招金期货","282","0","中信期货","100","0"
"12","西南期货","10","-22","光大期货","227","0","海证期货","99","0"
"13","国金期货","10","-13","冠通期货","227","-26","创元期货","18","0"
"14","信达期货","7","4","中粮期货","214","0","浙商期货","18","6"
"15","一德期货","7","-1","中信建投","209","0","华安期货","18","-1"
"16","东吴期货","6","5","东兴期货","144","-2","光大期货","17","0"
"17","中电投先融","5","1","信达期货","125","7","新湖期货","15","1"
"18","申银万国","4","1","新湖期货","123","0","方正中期","14","0"
"19","海通期货","4","4","平安期货","121","-11","国元期货","12","0"
"20","上海中期","4","-3","西南期货","109","-4","华信期货","10","0"
"合计","","1,460","-1,691","","12,545","-527","","14,023","-520"
"合约：TA009     日期：2019-11-18","","","","","","","","",""
"名次","会员简称","成交量（手）","增减量","会员简称","持买仓量","增减量","会员简称","持卖仓量","增减量"
"1","中信期货","1,039","861","兴证期货","2,530","1","银河期货","4,198","3"
"2","建信期货","871","426","美尔雅","1,869","91","兴证期货","2,500","0"
"3","新湖期货","490","-247","方正中期","1,139","29","中信期货","1,607","1,000"
"4","冠通期货","474","-157","永安期货","875","-1","建信期货","1,522","142"
"5","国投安信期货","425","-972","光大期货","701","4","冠通期货","1,113","-188"
"6","中辉期货","391","168","东吴期货","646","146","南华期货","905","65"
"7","永安期货","367","-571","银河期货","634","-111","中电投先融","608","0"
"8","中大期货","341","-80","弘业期货","579","11","国贸期货","567","-27"
"9","东吴期货","258","183","华泰期货","515","19","徽商期货","468","-62"
"10","徽商期货","221","116","徽商期货","484","-5","宏源期货","446","0"
"11","华西期货","150","-15","广发期货","442","3","锦泰期货","432","2"
"12","银河期货","140","-393","东证期货","375","8","浙商期货","400","2"
"13","中天期货","138","-41","南华期货","373","-2","东证期货","339","0"
"14","方正中期","126","-216","中信期货","362","-9","华金期货","335","1"
"15","海通期货","115","-54","中大期货","342","11","五矿经易期货","323","-1"
"16","南华期货","109","-67","上海中期","335","-2","华泰期货","322","12"
"17","美尔雅","104","78","国泰君安","281","-33","东吴期货","263","-10"
"18","宝城期货","93","47","招商期货","265","21","中投天琪","210","0"
"19","华泰期货","91","-15","华安期货","242","-12","天风期货","204","0"
"20","华信期货","90","-36","长江期货","236","-13","浙江新世纪","195","22"
"合计","","6,033","-985","","13,225","156","","16,957","961"
"合约：TA912     日期：2019-11-18","","","","","","","","",""
"名次","会员简称","成交量（手）","增减量","会员简称","持买仓量","增减量","会员简称","持卖仓量","增减量"
"1","中财期货","20","20","光大期货","4,001","0","光大期货","4,142","-20"
"2","光大期货","20","15","中财期货","108","-20","中原期货","20","0"
"3","-","-","-","中原期货","20","0","华泰期货","5","0"
"4","-","-","-","华联期货","11","0","西南期货","3","0"
"5","-","-","-","东海期货","10","0","-","-","-"
"6","-","-","-","国投安信期货","9","0","-","-","-"
"7","-","-","-","弘业期货","4","0","-","-","-"
"8","-","-","-","兴业期货","2","0","-","-","-"
"9","-","-","-","中银国际","1","0","-","-","-"
"10","-","-","-","安粮期货","1","0","-","-","-"
"11","-","-","-","广发期货","1","0","-","-","-"
"12","-","-","-","国联期货","1","0","-","-","-"
"13","-","-","-","广州金控","1","0","-","-","-"
"合计","","40","35","","4,170","-20","","4,170","-20"
"合约：UR001     日期：2019-11-18","","","","","","","","",""
"名次","会员简称","成交量（手）","增减量","会员简称","持买仓量","增减量","会员简称","持卖仓量","增减量"
"1","海通期货","11,060","4,753","永安期货","5,400","535","永安期货","9,891","380"
"2","华泰期货","6,332","3,588","银河期货","2,738","144","倍特期货","4,371","-1,726"
"3","东兴期货","4,767","4,656","国投安信期货","2,191","16","建信期货","3,998","7"
"4","徽商期货","4,426","3,101","中信期货","2,182","-45","东航期货","3,234","-198"
"5","华安期货","4,155","3,138","鲁证期货","1,968","-125","银河期货","2,894","569"
"6","一德期货","3,331","-969","一德期货","1,766","532","华泰期货","2,287","704"
"7","光大期货","3,279","1,797","浙商期货","1,542","345","一德期货","2,249","933"
"8","方正中期","3,193","-287","英大期货","1,463","1,039","方正中期","2,010","-284"
"9","东吴期货","2,820","2,244","招金期货","1,460","-91","创元期货","1,600","146"
"10","永安期货","2,679","1,032","国泰君安","1,397","240","中信期货","1,373","404"
"11","国泰君安","2,492","1,885","华安期货","1,314","456","东证期货","1,366","189"
"12","盛达期货","2,463","2,432","徽商期货","1,225","252","海通期货","1,324","1,114"
"13","银河期货","2,403","2,032","海通期货","1,168","202","中辉期货","1,232","332"
"14","中辉期货","2,300","1,882","方正中期","1,099","341","南华期货","1,028","116"
"15","东证期货","2,247","1,629","宏源期货","994","276","宏源期货","827","187"
"16","浙商期货","2,038","1,793","华泰期货","981","214","江苏东华","826","34"
"17","中信期货","1,977","741","东航期货","893","228","徽商期货","804","264"
"18","冠通期货","1,915","971","金元期货","879","270","宝城期货","744","257"
"19","倍特期货","1,861","-120","东方财富","848","275","国投安信期货","710","-933"
"20","东航期货","1,834","1,503","弘业期货","844","180","中财期货","614","172"
"合计","","67,572","37,801","","32,352","5,284","","43,382","2,667"
"合约：UR005     日期：2019-11-18","","","","","","","","",""
"名次","会员简称","成交量（手）","增减量","会员简称","持买仓量","增减量","会员简称","持卖仓量","增减量"
"1","银河期货","1,069","1,022","中信期货","3,329","44","银河期货","4,355","789"
"2","国泰君安","1,001","904","永安期货","2,472","-145","建信期货","2,505","1"
"3","浙商期货","721","710","国投安信期货","1,820","0","创元期货","1,413","7"
"4","徽商期货","622","443","中信建投","1,553","113","国泰君安","840","30"
"5","长江期货","615","211","徽商期货","713","266","永安期货","776","-150"
"6","永安期货","569","527","银河期货","711","120","一德期货","750","-28"
"7","锦泰期货","555","466","华闻期货","578","8","浙商期货","734","91"
"8","一德期货","521","253","一德期货","536","-7","中辉期货","649","5"
"9","东兴期货","501","501","锦泰期货","452","-1","锦泰期货","571","18"
"10","鲁证期货","451","99","国泰君安","431","91","华闻期货","570","0"
"11","东证期货","420","296","中辉期货","404","-4","兴证期货","518","0"
"12","东吴期货","416","407","长城期货","400","0","海通期货","480","1"
"13","中信期货","363","319","国海良时","384","195","大地期货","464","92"
"14","先锋期货","359","239","上海大陆","364","25","招商期货","456","2"
"15","华信期货","339","267","东吴期货","364","-9","广州期货","434","-59"
"16","中信建投","322","262","方正中期","342","111","长江期货","421","344"
"17","华安期货","274","228","倍特期货","310","-5","鲁证期货","406","375"
"18","天富期货","239","218","光大期货","295","45","东航期货","405","7"
"19","招金期货","235","168","新湖期货","279","44","宏源期货","369","19"
"20","中粮期货","226","215","浙江新世纪","244","29","中国国际","362","84"
"合计","","9,818","7,755","","15,981","920","","17,478","1,628"
"合约：WH001     日期：2019-11-18","","","","","","","","",""
"名次","会员简称","成交量（手）","增减量","会员简称","持买仓量","增减量","会员简称","持卖仓量","增减量"
"1","弘业期货","10","-2","永安期货","60","3","永安期货","120","0"
"2","中信建投","4","4","新湖期货","11","0","申银万国","7","0"
"3","永安期货","3","0","国信期货","7","0","弘业期货","2","2"
"4","渤海期货","2","2","南华期货","7","0","东证期货","1","0"
"5","国都期货","2","2","国泰君安","5","0","安粮期货","1","0"
"6","美尔雅","1","1","神华期货","4","0","-","-","-"
"7","-","-","-","格林大华期货","3","0","-","-","-"
"8","-","-","-","方正中期","3","0","-","-","-"
"9","-","-","-","中信期货","3","0","-","-","-"
"10","-","-","-","海通期货","3","0","-","-","-"
"11","-","-","-","东海期货","3","0","-","-","-"
"12","-","-","-","渤海期货","2","2","-","-","-"
"13","-","-","-","中粮期货","2","0","-","-","-"
"14","-","-","-","中电投先融","2","0","-","-","-"
"15","-","-","-","兴证期货","2","0","-","-","-"
"16","-","-","-","华泰期货","1","0","-","-","-"
"17","-","-","-","招商期货","1","0","-","-","-"
"18","-","-","-","弘业期货","1","0","-","-","-"
"19","-","-","-","华龙期货","1","0","-","-","-"
"20","-","-","-","创元期货","1","0","-","-","-"
"合计","","22","7","","122","5","","131","2"
"合约：ZC001     日期：2019-11-18","","","","","","","","",""
"名次","会员简称","成交量（手）","增减量","会员简称","持买仓量","增减量","会员简称","持卖仓量","增减量"
"1","东证期货","15,486","-871","中信期货","11,201","-507","中信期货","13,615","913"
"2","中信期货","8,962","42","海证期货","10,829","-159","摩根大通","10,807","-198"
"3","华泰期货","7,285","-61","国信期货","9,114","-15","永安期货","8,881","-817"
"4","中信建投","6,289","1,417","银河期货","5,342","-301","银河期货","7,467","142"
"5","海通期货","5,432","-570","国泰君安","4,991","-929","瑞达期货","6,650","-894"
"6","光大期货","5,325","1,183","一德期货","4,797","-391","华泰期货","6,124","-28"
"7","兴证期货","4,616","403","东证期货","4,447","185","海证期货","5,730","-583"
"8","新湖期货","3,871","-956","国金期货","4,414","-35","中信建投","4,776","-72"
"9","国投安信期货","3,834","1,892","锦泰期货","4,223","286","方正中期","4,280","-965"
"10","海证期货","3,312","436","宝城期货","4,201","-32","海通期货","3,890","1,489"
"11","国泰君安","3,226","1,468","中大期货","4,073","22","东证期货","3,884","81"
"12","锦泰期货","2,852","1,368","光大期货","4,061","-713","兴证期货","3,590","839"
"13","广发期货","2,705","693","华泰期货","3,950","-453","一德期货","3,284","-1,102"
"14","方正中期","2,636","1,003","新湖期货","3,201","-95","徽商期货","2,826","62"
"15","永安期货","2,495","527","中信建投","3,040","87","广发期货","2,546","-118"
"16","浙商期货","2,221","-94","英大期货","2,509","28","光大期货","2,522","-286"
"17","一德期货","2,181","-1,868","永安期货","2,412","-96","国泰君安","2,516","-83"
"18","银河期货","2,003","-387","上海中期","2,235","-11","宏源期货","2,303","79"
"19","徽商期货","1,824","-49","建信期货","2,221","469","国信期货","1,932","218"
"20","金瑞期货","1,818","1,007","兴业期货","2,168","-647","中金期货","1,856","-11"
"合计","","88,373","6,583","","93,429","-3,307","","99,479","-1,334"
"合约：ZC003     日期：2019-11-18","","","","","","","","",""
"名次","会员简称","成交量（手）","增减量","会员简称","持买仓量","增减量","会员简称","持卖仓量","增减量"
"1","锦泰期货","4,742","1,246","宝城期货","3,833","40","东证期货","4,914","148"
"2","东证期货","3,740","263","新湖期货","3,592","-23","中信期货","3,045","113"
"3","宏源期货","3,576","928","东证期货","3,385","152","华泰期货","2,541","20"
"4","新湖期货","3,110","-1,619","国投安信期货","3,157","28","方正中期","2,253","688"
"5","五矿经易期货","3,103","183","上海中期","2,915","18","锦泰期货","2,065","245"
"6","南华期货","2,647","107","方正中期","2,068","610","格林大华期货","1,837","-102"
"7","格林大华期货","2,583","57","一德期货","2,042","-99","中大期货","1,690","8"
"8","上海中期","2,530","187","国泰君安","2,012","4","新湖期货","1,603","-11"
"9","华泰期货","2,137","-757","永安期货","1,670","4","东吴期货","1,501","2"
"10","方正中期","1,394","70","兴业期货","1,637","-7","中原期货","1,479","4"
"11","浙商期货","1,060","146","中原期货","1,477","4","宏源期货","1,353","-434"
"12","国投安信期货","1,035","-47","海证期货","1,464","99","广发期货","1,327","25"
"13","华安期货","872","122","东吴期货","1,338","1","银河期货","1,147","-20"
"14","首创期货","671","124","中信期货","1,251","3","永安期货","1,146","3"
"15","中信期货","666","-306","国信期货","1,205","-14","中信建投","1,056","13"
"16","华金期货","664","135","五矿经易期货","1,168","0","国投安信期货","982","11"
"17","中原期货","584","-100","锦泰期货","1,150","-107","美尔雅","956","-1"
"18","银河期货","567","317","迈科期货","767","6","海证期货","716","22"
"19","大地期货","539","-78","兴证期货","701","0","福能期货","710","-403"
"20","国信期货","530","-306","格林大华期货","633","9","兴证期货","708","-4"
"合计","","36,750","672","","37,465","728","","33,029","327"
"合约：ZC005     日期：2019-11-18","","","","","","","","",""
"名次","会员简称","成交量（手）","增减量","会员简称","持买仓量","增减量","会员简称","持卖仓量","增减量"
"1","华安期货","1,126","179","中信期货","10,813","14","一德期货","8,104","-36"
"2","国投安信期货","843","-384","国投安信期货","9,345","-4","新湖期货","4,776","3"
"3","东证期货","808","-1,564","国金期货","5,827","-2","永安期货","3,632","317"
"4","首创期货","808","-49","国信期货","5,584","17","五矿经易期货","3,563","-4"
"5","光大期货","762","-62","宝城期货","3,880","-1","中信期货","3,310","-44"
"6","中信期货","734","-269","渤海期货","3,695","60","东证期货","2,645","218"
"7","银河期货","639","167","宏源期货","3,048","30","中辉期货","2,525","26"
"8","海证期货","622","-91","海证期货","2,093","28","国信期货","2,233","0"
"9","永安期货","599","60","新湖期货","2,018","46","锦泰期货","1,986","15"
"10","徽商期货","572","-5","建信期货","1,992","371","长江期货","1,897","45"
"11","海航期货","524","321","永安期货","1,929","10","中粮期货","1,884","177"
"12","安粮期货","502","184","兴业期货","1,831","-11","华泰期货","1,860","-13"
"13","华泰期货","462","-370","东证期货","1,320","26","宏源期货","1,809","135"
"14","建信期货","439","364","中大期货","1,182","50","银河期货","1,684","63"
"15","中电投先融","428","246","银河期货","1,089","34","浙商期货","1,663","-44"
"16","方正中期","426","285","方正中期","1,048","29","上海中期","1,631","-28"
"17","长江期货","391","66","中电投先融","956","-86","国海良时","1,512","-21"
"18","海通期货","379","221","上海中期","664","-1","中国国际","1,203","-12"
"19","申银万国","359","-68","创元期货","576","147","国投安信期货","1,140","385"
"20","一德期货","330","-596","中国国际","557","15","鲁证期货","965","36"
"合计","","11,753","-1,365","","59,447","772","","50,022","1,218"
"合约：ZC912     日期：2019-11-18","","","","","","","","",""
"名次","会员简称","成交量（手）","增减量","会员简称","持买仓量","增减量","会员简称","持卖仓量","增减量"
"1","中钢期货","1","1","光大期货","500","0","光大期货","500","0"
"2","中信期货","1","1","中信期货","1","1","招金期货","1","0"
"合计","","2","2","","501","1","","501","0"
